MachineIdentifier,ProductName,EngineVersion,AppVersion,AvSigVersion,IsBeta,RtpStateBitfield,IsSxsPassiveMode,DefaultBrowsersIdentifier,AVProductStatesIdentifier,AVProductsInstalled,AVProductsEnabled,HasTpm,CountryIdentifier,CityIdentifier,OrganizationIdentifier,GeoNameIdentifier,LocaleEnglishNameIdentifier,Platform,Processor,OsVer,OsBuild,OsSuite,OsPlatformSubRelease,OsBuildLab,SkuEdition,IsProtected,AutoSampleOptIn,PuaMode,SMode,IeVerIdentifier,SmartScreen,Firewall,UacLuaenable,Census_MDC2FormFactor,Census_DeviceFamily,Census_OEMNameIdentifier,Census_OEMModelIdentifier,Census_ProcessorCoreCount,Census_ProcessorManufacturerIdentifier,Census_ProcessorModelIdentifier,Census_ProcessorClass,Census_PrimaryDiskTotalCapacity,Census_PrimaryDiskTypeName,Census_SystemVolumeTotalCapacity,Census_HasOpticalDiskDrive,Census_TotalPhysicalRAM,Census_ChassisTypeName,Census_InternalPrimaryDiagonalDisplaySizeInInches,Census_InternalPrimaryDisplayResolutionHorizontal,Census_InternalPrimaryDisplayResolutionVertical,Census_PowerPlatformRoleName,Census_InternalBatteryType,Census_InternalBatteryNumberOfCharges,Census_OSVersion,Census_OSArchitecture,Census_OSBranch,Census_OSBuildNumber,Census_OSBuildRevision,Census_OSEdition,Census_OSSkuName,Census_OSInstallTypeName,Census_OSInstallLanguageIdentifier,Census_OSUILocaleIdentifier,Census_OSWUAutoUpdateOptionsName,Census_IsPortableOperatingSystem,Census_GenuineStateName,Census_ActivationChannel,Census_IsFlightingInternal,Census_IsFlightsDisabled,Census_FlightRing,Census_ThresholdOptIn,Census_FirmwareManufacturerIdentifier,Census_FirmwareVersionIdentifier,Census_IsSecureBootEnabled,Census_IsWIMBootEnabled,Census_IsVirtualDevice,Census_IsTouchEnabled,Census_IsPenCapable,Census_IsAlwaysOnAlwaysConnectedCapable,Wdft_IsGamer,Wdft_RegionIdentifier
0000010489e3af074adeac69c53e555e,win8defender,1.1.15400.5,4.18.1810.5,1.281.501.0,0,7,0,,53447,1,1,1,43,58552,18,53,42,windows10,x64,10.0.0.0,15063,768,rs2,15063.0.amd64fre.rs2_release.170317-1834,Home,1,0,,,108,,1,1,Notebook,Windows.Desktop,2689,30661,4,5,3063,,488386,SSD,123179,0,8192,Notebook,15.5,1920,1080,Mobile,,8,10.0.15063.1387,amd64,rs2_release,15063,1387,Core,CORE,Reset,37,158,AutoInstallAndRebootAtMaintenanceTime,0,IS_GENUINE,OEM:DM,,0,Retail,,807,8554,1,,0,0,0,0,0,7
00000176ac758d54827acd545b6315a5,win8defender,1.1.15400.4,4.18.1809.2,1.279.301.0,0,7,0,,53447,1,1,1,68,71395,,276,74,windows10,x64,10.0.0.0,16299,768,rs3,16299.431.amd64fre.rs3_release_svc_escrow.180502-1908,Home,1,0,,,117,RequireAdmin,1,1,Notebook,Windows.Desktop,2206,242491,4,5,3410,,1907729,HDD,1882352,0,8192,Notebook,15.5,1366,768,Mobile,,0,10.0.16299.611,amd64,rs3_release_svc_escrow,16299,611,Core,CORE,UUPUpgrade,7,30,AutoInstallAndRebootAtMaintenanceTime,0,IS_GENUINE,Retail,,0,Retail,,554,33105,1,,0,0,0,0,1,12
0000019dcefc128c2d4387c1273dae1d,win8defender,1.1.15300.6,4.18.1809.2,1.277.230.0,0,7,0,,49480,2,1,1,201,66202,,267,251,windows10,x64,10.0.0.0,14393,768,rs1,14393.2189.amd64fre.rs1_release.180329-1711,Home,1,0,,,98,RequireAdmin,1,1,Notebook,Windows.Desktop,585,189533,2,5,2097,,29820,SSD,28678,0,4096,Notebook,13.9,1280,720,Mobile,,0,10.0.14393.2189,amd64,rs1_release,14393,2189,CoreSingleLanguage,CORE_SINGLELANGUAGE,Other,35,148,UNKNOWN,0,IS_GENUINE,OEM:DM,,0,Retail,,556,63396,1,,0,0,0,0,1,11
0000055553dc51b1295785415f1a224d,win8defender,1.1.15400.5,4.18.1810.5,1.281.664.0,0,7,0,,42160,2,1,1,29,120917,,35,171,windows10,x64,10.0.0.0,16299,768,rs3,16299.15.amd64fre.rs3_release.170928-1534,Home,1,0,,,117,RequireAdmin,1,1,Notebook,Windows.Desktop,2668,171228,2,5,1985,,476940,HDD,439345,0,4096,Notebook,14,1366,768,Mobile,li-i,0,10.0.16299.371,amd64,rs3_release,16299,371,CoreSingleLanguage,CORE_SINGLELANGUAGE,Upgrade,26,119,Notify,0,IS_GENUINE,OEM:DM,,0,Retail,0,628,26320,1,0,0,0,0,0,0,10
00000574cefffeca83ec8adf9285b2bf,win8defender,1.1.15400.4,4.18.1809.2,1.279.236.0,0,7,0,,53447,1,1,1,171,124736,18,211,182,windows10,x64,10.0.0.0,16299,768,rs3,16299.15.amd64fre.rs3_release.170928-1534,Home,1,0,,,117,RequireAdmin,1,1,Notebook,Windows.Desktop,585,189538,4,5,3394,,476940,HDD,461506,1,2048,Notebook,15.5,1366,768,Mobile,,0,10.0.16299.371,amd64,rs3_release,16299,371,CoreSingleLanguage,CORE_SINGLELANGUAGE,Update,29,125,UNKNOWN,0,IS_GENUINE,Retail,,0,Retail,,556,63269,1,,0,0,0,0,1,3
000007ffedd31948f08e6c16da31f6d1,win8defender,1.1.15300.6,4.18.1809.2,1.277.724.0,0,7,0,,53447,1,1,1,29,66341,,35,171,windows10,x64,10.0.0.0,17134,256,rs4,17134.1.amd64fre.rs4_release.180410-1804,Pro,1,0,,,137,,1,1,Desktop,Windows.Desktop,1980,223836,2,5,3512,,305244,UNKNOWN,304261,0,2048,Desktop,17,1440,900,Desktop,,4294967295,10.0.17134.286,amd64,rs4_release,17134,286,Professional,PROFESSIONAL,Upgrade,26,119,FullAuto,0,IS_GENUINE,Retail,,0,Retail,,168,36579,0,,0,0,0,0,0,10
000008f31610018d898e5f315cdf1bd1,win8defender,1.1.15400.4,4.18.1810.5,1.279.1373.0,0,7,0,,7945,2,1,1,29,112216,,35,171,windows10,x64,10.0.0.0,17134,768,rs4,17134.1.amd64fre.rs4_release.180410-1804,Home,1,0,,,137,,1,1,Notebook,Windows.Desktop,4142,120223,4,5,2382,,953869,HDD,936631,0,4096,Notebook,15.5,1920,1080,Mobile,,121,10.0.17134.345,amd64,rs4_release,17134,345,CoreSingleLanguage,CORE_SINGLELANGUAGE,Refresh,26,119,FullAuto,0,IS_GENUINE,OEM:DM,,0,Retail,,142,52312,1,,0,0,0,0,1,10
00000a3c447250626dbcc628c9cbc460,win8defender,1.1.15300.6,4.18.1806.18062,1.277.1185.0,0,7,0,,15521,2,2,1,101,5191,27,129,126,windows10,x86,10.0.0.0,16299,256,rs3,16299.15.x86fre.rs3_release.170928-1534,Pro,1,0,,,135,,1,1,Desktop,Windows.Desktop,2971,199627,2,5,3224,,305245,UNKNOWN,304352,0,2048,SpaceSaving,17,1280,1024,Desktop,,4294967295,10.0.16299.125,x86,rs3_release,16299,125,Professional,PROFESSIONAL,Upgrade,19,74,Off,0,IS_GENUINE,Retail,,0,Retail,,657,1692,0,,0,0,0,0,0,9
00000b6bf217ec9aef0f68d5c6705897,win8defender,1.1.15400.5,4.18.1810.5,1.281.675.0,0,7,0,,53447,1,1,1,21,137489,27,39,75,windows10,x64,10.0.0.0,17763,768,prers5,17763.1.amd64fre.rs5_release.180914-1434,Home,1,0,,,205,,1,1,Notebook,Windows.Desktop,2668,185066,,,,,,UNKNOWN,,0,,Notebook,15.5,1366,768,Mobile,,,10.0.17763.134,amd64,rs5_release,17763,134,Core,CORE,IBSClean,8,31,FullAuto,0,IS_GENUINE,Retail,,0,Retail,,,,0,,0,0,0,,,
00000b8d3776b13e93ad83676a28e4aa,win8defender,1.1.14700.5,4.14.17613.18039,1.265.676.0,0,7,0,,53447,1,1,1,177,64263,27,251,239,windows10,x64,10.0.0.0,16299,768,rs3,16299.15.amd64fre.rs3_release.170928-1534,Home,1,0,,0,111,RequireAdmin,1,1,Desktop,Windows.Desktop,,,2,5,3514,,476940,UNKNOWN,476479,0,2048,UNKNOWN,23.2,1680,1050,UNKNOWN,,4294967295,10.0.16299.192,amd64,rs3_release,16299,192,Core,CORE,Upgrade,33,140,Notify,0,UNKNOWN,Retail,,0,Retail,0,,,0,0,0,0,0,0,0,15
00000dec341e29f26b92c3be03640bdc,win8defender,1.1.15400.4,4.13.17134.320,1.279.236.0,0,7,0,,7945,2,1,1,53,32608,,205,172,windows10,x64,10.0.0.0,17134,768,rs4,17134.1.amd64fre.rs4_release.180410-1804,Home,1,0,,,137,Off,1,1,Desktop,Windows.Desktop,525,223757,8,5,3079,,488386,SSD,487610,0,32768,Desktop,28.8,2560,1080,Desktop,,4294967295,10.0.17134.345,amd64,rs4_release,17134,345,Core,CORE,UUPUpgrade,27,120,FullAuto,0,IS_GENUINE,OEM:DM,,0,Retail,,142,3348,1,,0,0,0,0,1,15
00000e658ce75c1e2a3bb47bcc3b08f3,win8defender,1.1.15400.4,4.12.17007.18011,1.279.922.0,0,,0,,2558,2,2,0,203,143782,27,255,46,windows10,x64,10.0.0.0,16299,768,rs3,16299.431.amd64fre.rs3_release_svc_escrow.180502-1908,Home,1,0,,0,117,ExistsNotSet,1,1,Notebook,Windows.Desktop,4490,308579,4,5,2535,,715404,HDD,681374,0,4096,Notebook,15.5,1920,1080,Mobile,,0,10.0.16299.431,amd64,rs3_release_svc_escrow,16299,431,Core,CORE,Upgrade,39,160,FullAuto,0,IS_GENUINE,Retail,,0,Retail,,556,57180,1,,0,1,0,0,0,7
0000102ff65968bbdc04b69073434b05,win8defender,1.1.15400.5,4.18.1810.5,1.281.638.0,0,7,0,,53447,1,1,1,80,97985,27,101,107,windows10,x64,10.0.0.0,16299,256,rs3,16299.637.amd64fre.rs3_release_svc.180808-1748,Pro,1,0,,,117,,1,1,Desktop,Windows.Desktop,1443,256605,4,5,2426,,122104,SSD,107289,0,4096,Desktop,18.5,1360,768,Desktop,,4294967295,10.0.16299.785,amd64,rs3_release,16299,785,Professional,PROFESSIONAL,Other,6,28,UNKNOWN,0,IS_GENUINE,OEM:DM,,0,Retail,,355,7313,1,,0,0,0,0,0,3
000011236a5dc4ff119541c42bb4287e,win8defender,1.1.15400.5,4.18.1810.5,1.281.95.0,0,7,0,,53447,1,1,1,43,49683,27,53,42,windows10,x64,10.0.0.0,16299,256,rs3,16299.15.amd64fre.rs3_release.170928-1534,Pro,1,0,,,111,Warn,1,1,Desktop,Windows.Desktop,4589,313586,8,5,3041,,122104,SSD,120604,1,16384,Desktop,21.5,1920,1080,Desktop,,4294967295,10.0.16299.192,amd64,rs3_release,16299,192,Professional,PROFESSIONAL,UUPUpgrade,37,158,UNKNOWN,0,IS_GENUINE,Retail,,0,Retail,,142,11097,0,,0,0,0,0,1,7
0000124d8811c1a5b5848c4d730cfbf8,win8defender,1.1.15400.5,4.18.1810.5,1.281.685.0,0,7,0,,53447,1,1,1,66,152993,18,89,88,windows10,x64,10.0.0.0,17763,256,prers5,17763.1.amd64fre.rs5_release.180914-1434,Pro,1,0,,,205,,1,1,PCOther,Windows.Desktop,1980,187296,,,,,,UNKNOWN,,0,,Desktop,13.3,1024,768,Desktop,,,10.0.17763.134,amd64,rs5_release,17763,134,Professional,PROFESSIONAL,IBSClean,14,49,FullAuto,0,IS_GENUINE,Retail,,,Retail,,,,0,,0,0,0,,0,5
000015a88b949c982bc80ec8e32b726d,win8defender,1.1.15400.5,4.18.1810.5,1.281.708.0,0,7,0,,53447,1,1,1,205,,,274,75,windows10,x64,10.0.0.0,17134,768,rs4,17134.1.amd64fre.rs4_release.180410-1804,Home,1,0,,,137,,1,1,PCOther,Windows.Desktop,666,340361,4,5,2706,,953869,HDD,382410,0,8192,Laptop,23,1920,1080,Desktop,,4294967295,10.0.17134.407,amd64,rs4_release,17134,407,Core,CORE,IBSClean,29,125,FullAuto,0,IS_GENUINE,OEM:NONSLP,,0,Retail,,152,8597,0,,0,0,0,0,1,3
0000187a73c37cab54bd5be81c16c71f,win8defender,1.1.15400.5,4.18.1810.5,1.281.482.0,0,7,0,,47323,3,1,1,201,73726,27,267,251,windows10,x64,10.0.0.0,17134,768,rs4,17134.1.amd64fre.rs4_release.180410-1804,Home,1,0,,,137,RequireAdmin,1,1,Notebook,Windows.Desktop,2668,171210,4,5,2373,,476940,HDD,430739,1,4096,Notebook,15.5,1366,768,Mobile,lion,0,10.0.17134.407,amd64,rs4_release,17134,407,CoreSingleLanguage,CORE_SINGLELANGUAGE,UUPUpgrade,35,148,Notify,0,IS_GENUINE,OEM:DM,,0,Retail,0,628,28484,1,0,0,0,0,0,1,11
00001be80a499e95d5e68151b6470aa2,win8defender,1.1.15400.4,4.12.16299.15,1.279.292.0,0,7,0,,53263,3,2,1,43,166346,27,53,42,windows10,x64,10.0.0.0,16299,768,rs3,16299.431.amd64fre.rs3_release_svc_escrow.180502-1908,Home,1,0,,,117,RequireAdmin,1,1,Notebook,Windows.Desktop,2668,171216,4,5,2660,,476940,HDD,102401,0,4096,Notebook,15.3,1366,768,Mobile,li-i,0,10.0.16299.611,amd64,rs3_release_svc_escrow,16299,611,CoreCountrySpecific,CORE_COUNTRYSPECIFIC,Update,37,158,Notify,0,IS_GENUINE,OEM:DM,,0,Retail,0,628,27538,1,0,0,0,0,0,0,7
00001dcfc3f82d68d6eae9cad4a3e07c,win8defender,1.1.15400.4,4.18.1810.5,1.279.684.0,0,7,0,,53447,1,1,1,108,75425,27,277,75,windows10,x64,10.0.0.0,17134,256,rs4,17134.1.amd64fre.rs4_release.180410-1804,Pro,1,0,,,137,,1,1,Desktop,Windows.Desktop,2206,252854,8,5,2777,,1907729,HDD,147446,0,16384,Desktop,19,1280,1024,Desktop,,4294967295,10.0.17134.345,amd64,rs4_release,17134,345,Professional,PROFESSIONAL,UUPUpgrade,8,31,FullAuto,0,IS_GENUINE,Retail,,0,Retail,,142,13887,0,,0,0,0,0,0,11
00001ec5ccb1deb10e7f9facb5738bbb,win8defender,1.1.15400.4,4.18.1810.5,1.279.739.0,0,7,0,,53447,1,1,1,179,19317,,234,211,windows10,x64,10.0.0.0,17134,768,rs4,17134.1.amd64fre.rs4_release.180410-1804,Home,1,0,,,137,,1,1,Notebook,Windows.Desktop,2668,170897,2,5,1985,,476940,HDD,199999,0,4096,Notebook,15.5,1366,768,Mobile,,0,10.0.17134.345,amd64,rs4_release,17134,345,Core,CORE,IBSClean,31,130,FullAuto,0,IS_GENUINE,Retail,,0,Retail,,628,19237,0,,0,0,0,0,0,3
00001fb4bab6f49153f8b8a8cad33557,win8defender,1.1.14405.2,4.10.14393.0,1.259.1594.0,0,7,0,1071,68585,2,1,1,43,163509,18,53,42,windows10,x86,10.0.0.0,14393,256,rs1,14393.351.x86fre.rs1_release_inmarket.161014-1755,Pro,1,0,,,94,RequireAdmin,1,1,Desktop,Windows.Desktop,2668,261070,2,5,3490,,476940,HDD,102401,0,2048,AllinOne,21.7,1920,1080,Desktop,,4294967295,10.0.14393.351,x86,rs1_release,14393,351,Professional,PROFESSIONAL,Update,37,158,UNKNOWN,0,IS_GENUINE,Retail,0,0,Retail,0,628,32555,0,0,0,0,0,0,0,7
00001fb68068b9612b7bcc8e5dd07da7,win8defender,1.1.15300.6,4.12.16299.15,1.277.861.0,0,7,0,,53447,1,1,1,147,77794,27,277,75,windows10,x64,10.0.0.0,16299,768,rs3,16299.15.amd64fre.rs3_release.170928-1534,Home,1,0,,,111,ExistsNotSet,1,1,Notebook,Windows.Desktop,2102,229929,4,5,2382,,476940,HDD,460007,0,4096,Notebook,15.5,1366,768,Mobile,,0,10.0.16299.192,amd64,rs3_release,16299,192,CoreSingleLanguage,CORE_SINGLELANGUAGE,Other,7,30,UNKNOWN,0,IS_GENUINE,OEM:DM,,0,Retail,,554,33137,1,,0,0,0,0,0,11
0000208f0145e1b831c508fd33f4e66a,win8defender,1.1.15300.6,4.18.1809.2,1.277.706.0,0,7,0,,53447,1,1,1,29,120899,,35,171,windows10,x64,10.0.0.0,15063,256,rs2,15063.0.amd64fre.rs2_release.170317-1834,Pro,1,0,,,108,,1,1,Desktop,Windows.Desktop,1980,317708,4,5,2313,,476940,HDD,476438,0,8192,Desktop,17.5,1440,900,Desktop,,4294967295,10.0.15063.1356,amd64,rs2_release,15063,1356,Professional,PROFESSIONAL,IBSClean,26,119,UNKNOWN,0,IS_GENUINE,Retail,,0,Retail,,142,36040,0,,0,0,0,0,1,10
000022cd46c5714e86254b4133116bb7,win8defender,1.1.15300.6,4.13.17134.320,1.277.862.0,0,7,0,,53447,1,1,1,171,150503,,211,182,windows10,x64,10.0.0.0,17134,256,rs4,17134.1.amd64fre.rs4_release.180410-1804,Pro,1,0,,0,137,,1,1,Notebook,Windows.Desktop,2668,35078,4,5,2525,,476940,HDD,476335,0,6144,Notebook,15.5,1366,768,Mobile,,0,10.0.17134.345,amd64,rs4_release,17134,345,Professional,PROFESSIONAL,Reset,29,125,FullAuto,0,INVALID_LICENSE,Retail,,0,Retail,,628,39174,0,,0,0,0,0,1,3
00002336a5efa7665854da5c4b0f0269,win8defender,1.1.15200.1,4.9.10586.1045,1.275.1373.0,0,7,0,,53447,1,1,1,171,123582,,211,182,windows10,x64,10.0.0.0,10586,768,th2,10586.1045.amd64fre.th2_release.170728-1941,Home,1,0,,0,73,RequireAdmin,1,1,Notebook,Windows.Desktop,2206,248045,4,5,2285,,305245,HDD,284945,0,4096,Notebook,15.5,1366,768,Mobile,lion,0,10.0.10586.1045,amd64,th2_release_sec,10586,1045,Core,CORE,Update,29,125,Notify,0,IS_GENUINE,Retail,0,0,Retail,0,500,33133,0,0,0,0,0,0,0,3
000023628ce7bd01fe765c9f1a003a56,win8defender,1.1.15400.4,4.18.1810.5,1.279.336.0,0,7,0,,53447,1,1,1,201,66202,,267,251,windows10,x64,10.0.0.0,16299,256,rs3,16299.15.amd64fre.rs3_release.170928-1534,Pro,1,0,,,111,,1,0,Desktop,Windows.Desktop,5053,28893,4,5,2320,,244198,SSD,85233,0,8192,Desktop,64.5,1920,1080,Desktop,,4294967295,10.0.16299.19,amd64,rs3_release,16299,19,ProfessionalEducation,PROFESSIONAL,UUPUpgrade,35,148,UNKNOWN,0,INVALID_LICENSE,Retail,,0,Retail,,1014,11778,0,,0,1,0,0,0,11
000024492167b242089b450565a650e7,win8defender,1.1.15300.6,4.18.1809.2,1.277.1042.0,0,7,0,,47238,2,1,1,118,156810,,150,140,windows10,x64,10.0.0.0,17134,768,rs4,17134.1.amd64fre.rs4_release.180410-1804,Home,1,0,,,137,RequireAdmin,1,1,Notebook,Windows.Desktop,2668,171449,4,5,2701,,122104,SSD,120827,0,8192,Notebook,72.3,1920,1080,Mobile,,0,10.0.17134.345,amd64,rs4_release,17134,345,Core,CORE,UUPUpgrade,8,31,FullAuto,0,IS_GENUINE,OEM:DM,,0,Retail,,628,12198,1,,0,0,0,0,1,3
00002594fa72db6c02c1deac489ea004,win8defender,1.1.15100.1,4.18.1807.18075,1.273.857.0,0,7,0,,62773,1,1,1,171,72058,,211,182,windows10,x64,10.0.0.0,15063,768,rs2,15063.0.amd64fre.rs2_release.170317-1834,Home,0,0,,0,108,Off,1,1,AllInOne,Windows.Desktop,2206,151825,4,5,2273,,476940,HDD,460200,0,4096,Desktop,23,1920,1080,Workstation,,4294967295,10.0.15063.1206,amd64,rs2_release,15063,1206,Core,CORE,Update,29,125,AutoInstallAndRebootAtMaintenanceTime,0,IS_GENUINE,Retail,,0,Retail,0,93,16239,0,0,0,1,0,0,0,3
00002a6c8d5b34b6abfc7b73bff9c9c0,win8defender,1.1.15400.4,4.18.1807.18075,1.279.367.0,0,7,0,,53447,1,1,1,11,114942,27,16,102,windows10,x64,10.0.0.0,15063,768,rs2,15063.0.amd64fre.rs2_release.170317-1834,Home,1,0,,0,108,,1,1,Notebook,Windows.Desktop,2102,241950,4,5,2412,,953869,HDD,937445,0,8192,Notebook,17.3,1600,900,Mobile,,0,10.0.15063.1029,amd64,rs2_release,15063,1029,Core,CORE,Reset,5,26,Notify,0,IS_GENUINE,OEM:DM,,0,Retail,,554,33032,1,,0,0,0,0,0,15
00002b6bcc3c7956f9fc002fedb89599,win8defender,1.1.15400.5,4.18.1810.5,1.281.670.0,0,7,0,,53447,1,1,1,9,127973,,10,214,windows10,x64,10.0.0.0,15063,256,rs2,15063.0.amd64fre.rs2_release.170317-1834,Pro,1,0,,,108,,1,1,Desktop,Windows.Desktop,2102,250503,4,5,2684,,953869,HDD,936418,0,4096,LowProfileDesktop,18.5,1366,768,Desktop,,4294967295,10.0.15063.1387,amd64,rs2_release,15063,1387,Professional,PROFESSIONAL,Other,10,35,AutoInstallAndRebootAtMaintenanceTime,0,IS_GENUINE,OEM:DM,,0,Retail,,486,52320,1,,0,0,0,0,1,10
00002beccd9a641ba92c988f636533d6,win8defender,1.1.15300.6,4.18.1809.2,1.277.248.0,0,7,0,,7945,2,1,1,99,72125,,127,67,windows10,x64,10.0.0.0,17134,768,rs4,17134.1.amd64fre.rs4_release.180410-1804,Home,1,0,,,137,RequireAdmin,1,1,Notebook,Windows.Desktop,2102,242491,4,5,2660,,953869,HDD,934494,0,4096,Notebook,15.5,1366,768,Mobile,lion,0,10.0.17134.285,amd64,rs4_release,17134,285,Core,CORE,UUPUpgrade,8,31,FullAuto,0,IS_GENUINE,OEM:DM,,0,Retail,0,554,33043,1,0,0,0,0,0,0,10
0000308669f9083fa7383b4f627c61a2,win8defender,1.1.15300.6,4.18.1809.2,1.277.881.0,0,7,0,,7945,2,1,1,171,116192,,211,182,windows10,x64,10.0.0.0,17134,256,rs4,17134.1.amd64fre.rs4_release.180410-1804,Pro,1,0,,0,137,,1,1,Desktop,Windows.Desktop,4909,317701,6,1,844,,953869,UNKNOWN,220160,0,8192,Desktop,17,1280,1024,Desktop,,4294967295,10.0.17134.286,amd64,rs4_release,17134,286,Professional,PROFESSIONAL,Reset,29,125,FullAuto,0,INVALID_LICENSE,Retail,,0,Retail,,142,52598,0,,0,0,0,0,1,3
0000329ca426eaf815bfb6e50b168ca7,win8defender,1.1.15300.6,4.18.1809.2,1.277.936.0,0,7,0,,41571,2,1,1,203,143782,18,255,46,windows10,x64,10.0.0.0,16299,768,rs3,16299.637.amd64fre.rs3_release_svc.180808-1748,Home,1,0,,0,117,RequireAdmin,1,1,Desktop,Windows.Desktop,516,188345,4,5,2344,,114473,SSD,113165,0,8192,Desktop,23.8,1920,1080,Desktop,,4294967295,10.0.16299.666,amd64,rs3_release,16299,666,Core,CORE,Upgrade,39,160,UNKNOWN,0,IS_GENUINE,Retail,,0,Retail,,142,9849,0,,0,1,1,0,0,7
000037823afada3fe53173808cab6374,win8defender,1.1.15300.6,4.18.1809.2,1.277.989.0,0,7,0,,6630,3,1,1,173,67513,27,224,75,windows10,x64,10.0.0.0,17134,768,rs4,17134.1.amd64fre.rs4_release.180410-1804,Home,1,0,,,137,RequireAdmin,1,1,Notebook,Windows.Desktop,1443,256480,4,5,2382,,476940,HDD,131420,0,4096,Laptop,15.5,1366,768,Mobile,,0,10.0.17134.319,amd64,rs4_release,17134,319,Core,CORE,Upgrade,8,31,FullAuto,0,IS_GENUINE,OEM:DM,,0,Retail,,355,9321,1,,0,0,0,0,0,11
000037d9ea7b7cfbf476b433586e5113,win8defender,1.1.15200.1,4.8.10240.17443,1.275.1487.0,0,7,0,,53447,1,1,1,93,55167,27,277,75,windows10,x86,10.0.0.0,10240,256,th1,10240.17443.x86fre.th1.170602-2340,Pro,1,0,,0,53,RequireAdmin,0,1,Desktop,Windows.Desktop,585,327978,2,5,4325,,305245,HDD,99500,0,1024,Desktop,15.5,1360,768,Desktop,#,4294967295,10.0.10240.17443,x86,th1,10240,17443,Professional,PROFESSIONAL,IBSClean,8,31,UNKNOWN,0,OFFLINE,Retail,0,0,NOT_SET,0,142,51066,0,0,0,0,0,0,0,8
00003b98e4dbced155a5fb3eab04ce28,win8defender,1.1.15300.6,4.18.1809.2,1.277.811.0,0,7,0,,53447,1,1,1,211,24475,27,29,215,windows10,x64,10.0.0.0,17134,768,rs4,17134.1.amd64fre.rs4_release.180410-1804,Home,1,0,,,137,RequireAdmin,1,1,AllInOne,Windows.Desktop,2206,32139,2,1,657,,476940,HDD,459904,0,4096,AllinOne,19.5,1600,900,Desktop,,4294967295,10.0.17134.285,amd64,rs4_release,17134,285,Core,CORE,UUPUpgrade,8,31,FullAuto,0,IS_GENUINE,Retail,0,0,Retail,0,93,17597,1,0,0,0,0,0,0,10
00003c48f2b0f68c78e82f3d18b517c7,win8defender,1.1.15300.6,4.18.1809.2,1.277.832.0,0,7,0,,43581,2,1,1,44,,,57,218,windows10,x64,10.0.0.0,16299,768,rs3,16299.15.amd64fre.rs3_release.170928-1534,Home,1,0,,0,111,,1,1,Notebook,Windows.Desktop,2668,170860,4,1,62,,953869,HDD,476319,0,8192,Notebook,13.9,1366,768,Mobile,,0,10.0.16299.309,amd64,rs3_release,16299,309,CoreSingleLanguage,CORE_SINGLELANGUAGE,IBSClean,9,34,UNKNOWN,0,IS_GENUINE,OEM:DM,,0,Retail,,628,21290,1,,0,0,0,0,0,10
00003c8a62e007ac98a85ef5adaa1865,win8defender,1.1.15300.6,4.18.1807.18075,1.277.641.0,0,7,0,,49480,2,1,1,60,108377,18,240,233,windows10,x64,10.0.0.0,14393,768,rs1,14393.2189.amd64fre.rs1_release.180329-1711,Home,1,0,,,98,RequireAdmin,1,1,Notebook,Windows.Desktop,585,208507,4,5,2382,,953869,HDD,952727,0,4096,Notebook,15.5,1366,768,Mobile,,0,10.0.14393.2189,amd64,rs1_release,14393,2189,Core,CORE,Other,9,34,UNKNOWN,0,IS_GENUINE,OEM:DM,,0,Retail,,556,63175,1,,0,0,0,0,0,15
00003f163bd22a7172e8655fa3bb638f,win8defender,1.1.15300.6,4.13.17134.1,1.277.950.0,0,7,0,,53447,1,1,1,141,116277,27,167,227,windows10,x64,10.0.0.0,17134,768,rs4,17134.1.amd64fre.rs4_release.180410-1804,Home,1,0,,,137,,1,1,Notebook,Windows.Desktop,2668,35054,2,1,640,,476940,HDD,197562,0,2048,Notebook,14,1366,768,Mobile,,0,10.0.17134.112,amd64,rs4_release,17134,112,CoreSingleLanguage,CORE_SINGLELANGUAGE,IBSClean,9,34,UNKNOWN,0,IS_GENUINE,Retail,,0,Retail,,628,15702,0,,0,0,0,0,0,10
00004042973d5f920c690fbf2b175d7b,win8defender,1.1.15300.6,4.18.1809.2,1.277.749.0,0,7,0,,53447,1,1,1,41,130775,,167,227,windows10,x64,10.0.0.0,17134,256,rs4,17134.1.amd64fre.rs4_release.180410-1804,Pro,1,0,,,137,RequireAdmin,1,1,Notebook,Windows.Desktop,5771,328142,2,5,2699,,32768,Unspecified,31792,0,4095,Other,19.8,1661,931,Mobile,vbox,0,10.0.17134.228,amd64,rs4_release,17134,228,Professional,PROFESSIONAL,Update,10,35,FullAuto,0,INVALID_LICENSE,Retail,0,0,Retail,0,,,0,0,1,0,0,0,0,10
000040636c1d3217eaa78c3dc0e6ca9f,win8defender,1.1.15400.5,4.18.1810.5,1.281.211.0,0,7,0,,15409,2,1,1,171,28410,,211,182,windows10,x86,10.0.0.0,16299,256,rs3,16299.15.x86fre.rs3_release.170928-1534,Pro,1,0,,,117,RequireAdmin,1,1,Desktop,Windows.Desktop,3035,263588,2,5,2059,,152626,Unspecified,59450,1,2048,Desktop,18.5,1366,768,Desktop,,4294967295,10.0.16299.431,x86,rs3_release,16299,431,Professional,PROFESSIONAL,Update,29,125,FullAuto,0,IS_GENUINE,Retail,0,0,Retail,0,142,63837,0,0,0,0,0,0,0,3
000040d0bb6095bc5b16451768177a71,win8defender,1.1.15300.6,4.18.1809.2,1.277.1049.0,0,7,0,,53447,1,1,1,149,37585,,181,56,windows10,x64,10.0.0.0,17134,256,rs4,17134.1.amd64fre.rs4_release.180410-1804,Pro,1,0,,,137,,1,1,Notebook,Windows.Desktop,4730,300203,4,5,2296,,476940,HDD,215323,0,4096,Notebook,20.1,1680,1050,Mobile,,4294967295,10.0.17134.345,amd64,rs4_release,17134,345,Professional,PROFESSIONAL,Reset,24,109,FullAuto,0,IS_GENUINE,Volume:GVLK,,0,Retail,,556,7271,0,,0,0,0,0,0,15
00004316d7d468be75b2c330d40b3ee3,win8defender,1.1.15400.4,4.18.1810.5,1.279.955.0,0,7,0,,7945,2,1,1,180,109735,,233,210,windows10,x64,10.0.0.0,17134,256,rs4,17134.1.amd64fre.rs4_release.180410-1804,Pro,1,0,,,137,,1,1,Notebook,Windows.Desktop,530,257628,2,1,434,,114473,SSD,113922,0,4096,Notebook,15.5,1366,768,Mobile,,0,10.0.17134.345,amd64,rs4_release,17134,345,Professional,PROFESSIONAL,IBSClean,30,128,FullAuto,0,IS_GENUINE,Retail,,0,Retail,,142,42004,0,,0,0,0,0,1,3
000046fde0c3bb60bb94d877f1aed51f,win8defender,1.1.15400.5,4.18.1810.20021,1.279.1442.0,0,7,0,,53447,1,1,1,166,56356,27,277,75,windows10,x64,10.0.0.0,18277,256,prers5,18277.1000.amd64fre.rs_prerelease.181102-1446,Pro,1,0,,,259,,1,1,Notebook,Windows.Desktop,585,189340,2,5,2011,,476940,HDD,99200,0,9216,Notebook,15.5,1366,768,Mobile,,4294967295,10.0.18282.1000,amd64,rs_prerelease,18282,1000,Professional,PROFESSIONAL,UUPUpgrade,8,31,FullAuto,0,IS_GENUINE,Retail,,0,WIF,,556,64721,0,,0,0,0,0,0,10
000047fcfba5075a43a39cc488d4a9f1,win8defender,1.1.15400.4,4.18.1810.5,1.279.1282.0,0,7,0,,53447,1,1,1,88,20710,27,117,115,windows10,x64,10.0.0.0,16299,256,rs3,16299.15.amd64fre.rs3_release.170928-1534,Pro,1,0,,,111,,1,1,Notebook,Windows.Desktop,585,189373,4,5,1988,,114473,SSD,99384,0,4096,Notebook,11.6,1366,768,Mobile,,0,10.0.16299.309,amd64,rs3_release,16299,309,Professional,PROFESSIONAL,IBSClean,17,64,UNKNOWN,0,IS_GENUINE,Retail,,0,Retail,,556,63653,1,,0,0,0,0,0,3
0000484c1fd0f566986d558367799d70,win8defender,1.1.15300.6,4.18.1809.2,1.277.936.0,0,7,0,,53447,1,1,1,164,82904,,89,88,windows10,x64,10.0.0.0,17134,768,rs4,17134.1.amd64fre.rs4_release.180410-1804,Home,1,0,,,137,RequireAdmin,1,1,Notebook,Windows.Desktop,5682,338921,1,1,1338,,305245,HDD,292850,0,3072,Notebook,15.5,1366,768,Mobile,lion,0,10.0.17134.345,amd64,rs4_release,17134,345,Core,CORE,Update,14,49,FullAuto,0,IS_GENUINE,Retail,,0,Retail,0,1075,63122,0,0,0,0,0,0,0,15
000049d209898e19506ae8f2431ec64e,win8defender,1.1.15400.4,4.18.1809.2,1.279.59.0,0,7,0,,53447,1,1,1,39,104628,27,98,103,windows10,x64,10.0.0.0,14393,768,rs1,14393.447.amd64fre.rs1_release_inmarket.161102-0100,Home,1,0,,,94,RequireAdmin,1,1,Notebook,Windows.Desktop,585,189350,8,5,2883,,476940,HDD,457986,0,8192,Notebook,15.5,1366,768,Mobile,lion,0,10.0.14393.447,amd64,rs1_release,14393,447,Core,CORE,Update,5,26,UNKNOWN,0,IS_GENUINE,Retail,0,0,Retail,0,556,64578,1,0,0,0,0,0,0,15
00004a929a8abbe15a6ea584f11a2d7e,win8defender,1.1.15300.6,4.18.1809.2,1.277.950.0,0,7,0,,39365,2,1,1,107,106756,27,138,134,windows10,x64,10.0.0.0,17134,768,rs4,17134.1.amd64fre.rs4_release.180410-1804,Home,1,0,,,137,,1,1,Desktop,Windows.Desktop,1980,227529,8,5,3035,,114473,SSD,114371,0,4096,Desktop,19,1280,1024,Desktop,,4294967295,10.0.17134.345,amd64,rs4_release,17134,345,Core,CORE,IBSClean,20,83,FullAuto,0,IS_GENUINE,OEM:DM,,0,Retail,,142,34205,0,,0,0,0,0,0,1
0000525b7a8f2fc01d84166b45f26b6b,win8defender,1.1.15400.4,4.8.10240.17443,1.279.367.0,0,7,0,,53447,1,1,1,183,35625,,89,88,windows10,x64,10.0.0.0,10240,256,th1,10240.17443.amd64fre.th1.170602-2340,Pro,1,0,,,53,ExistsNotSet,1,1,Notebook,Windows.Desktop,2668,171320,2,5,1998,,476940,HDD,239261,0,4096,Notebook,15.5,1366,768,Mobile,lion,0,10.0.10240.17443,amd64,th1_st1,10240,17443,Professional,PROFESSIONAL,IBSClean,14,49,UNKNOWN,0,INVALID_LICENSE,Volume:GVLK,,0,NOT_SET,0,628,8791,0,0,0,0,0,0,0,11
00005272f40ed7235379787664f3c801,win8defender,1.1.15400.4,4.13.17134.228,1.279.301.0,0,7,0,,7945,2,1,1,138,114459,18,68,51,windows10,x64,10.0.0.0,17134,768,rs4,17134.1.amd64fre.rs4_release.180410-1804,Home,1,0,,,137,RequireAdmin,1,1,Notebook,Windows.Desktop,530,257627,2,1,434,,305245,HDD,208058,0,3072,Notebook,15.5,1366,768,Mobile,,4294967295,10.0.17134.286,amd64,rs4_release,17134,286,Core,CORE,CleanPCRefresh,3,20,FullAuto,0,IS_GENUINE,Retail,,0,Retail,,142,41995,0,,0,0,0,0,0,11
000055688c4b1d7875a8bc99d0c234f0,win8defender,1.1.15400.4,4.18.1807.18075,1.279.158.0,0,7,0,,53447,1,1,1,60,109176,27,240,233,windows10,x64,10.0.0.0,17134,256,rs4,17134.1.amd64fre.rs4_release.180410-1804,Pro,1,0,,0,137,RequireAdmin,1,1,Notebook,Windows.Desktop,585,293232,8,5,3038,,228936,SSD,228355,0,32768,Notebook,17.3,1920,1080,Mobile,,0,10.0.17134.345,amd64,rs4_release,17134,345,Professional,PROFESSIONAL,UUPUpgrade,9,34,Notify,0,IS_GENUINE,Retail,,0,Retail,,127,63122,1,,0,0,0,0,0,15
000055ea914f7ef72f9ad26b5cdf4195,win8defender,1.1.15300.6,4.18.1807.18075,1.277.950.0,0,7,0,,40658,3,2,1,43,27686,18,53,42,windows10,x64,10.0.0.0,17134,256,rs4,17134.1.amd64fre.rs4_release.180410-1804,Pro,1,0,,,137,ExistsNotSet,1,1,Desktop,Windows.Desktop,1443,275868,4,5,2721,,476940,HDD,102401,0,8192,Desktop,23.8,1920,1080,Desktop,,4294967295,10.0.17134.345,amd64,rs4_release,17134,345,Professional,PROFESSIONAL,IBSClean,37,158,FullAuto,0,IS_GENUINE,Volume:MAK,,0,Retail,,355,7432,0,,0,0,0,0,0,7
0000561fb64f4d946f204ba29913d16b,win8defender,1.1.15300.6,4.18.1809.2,1.277.1049.0,0,7,0,,53447,1,1,1,62,118242,,88,80,windows10,x64,10.0.0.0,17134,256,rs4,17134.1.amd64fre.rs4_release.180410-1804,Pro,1,0,,,137,Warn,1,1,Desktop,Windows.Desktop,2206,235356,2,5,3224,,238475,UNKNOWN,237673,1,4096,MiniTower,17,1280,1024,Desktop,,4294967295,10.0.17134.345,amd64,rs4_release,17134,345,Professional,PROFESSIONAL,UUPUpgrade,12,44,FullAuto,0,IS_GENUINE,Retail,,0,Retail,,500,16698,0,,0,0,0,0,0,15
00005e3b5150302adeccf70bdcf0aa52,win8defender,1.1.15100.1,4.8.10240.17443,1.273.1112.0,0,7,0,,62773,1,1,1,59,22656,27,277,75,windows10,x64,10.0.0.0,10240,256,th1,10240.17443.amd64fre.th1.170602-2340,Pro,0,0,,0,53,ExistsNotSet,1,1,Notebook,Windows.Desktop,4730,312820,8,5,2880,,953869,HDD,99434,0,8192,Notebook,15.5,1366,768,Mobile,li-i,0,10.0.10240.17443,amd64,th1_st1,10240,17443,Professional,PROFESSIONAL,IBSClean,8,31,UNKNOWN,0,INVALID_LICENSE,Volume:GVLK,0,0,NOT_SET,0,556,13896,1,0,0,0,0,0,1,11
00005f4864d68898cb9c63c22eafd5ee,win8defender,1.1.15400.4,4.18.1810.5,1.279.1245.0,0,7,0,,62773,1,1,1,122,25179,27,89,88,windows10,x64,10.0.0.0,17134,256,rs4,17134.1.amd64fre.rs4_release.180410-1804,Pro,0,0,,,137,,1,1,Notebook,Windows.Desktop,2206,229888,4,5,2321,,476940,HDD,246240,0,4096,Notebook,15.5,1366,768,Mobile,,0,10.0.17134.345,amd64,rs4_release,17134,345,Professional,PROFESSIONAL,IBSClean,14,49,FullAuto,0,INVALID_LICENSE,Retail,,0,Retail,,554,33130,0,,0,0,0,0,1,11
00006154b861493f10f174f72c25fdc1,win8defender,1.1.15300.6,4.18.1809.2,1.277.176.0,0,7,0,,53447,1,1,1,68,134805,27,276,74,windows10,x64,10.0.0.0,17134,256,rs4,17134.1.amd64fre.rs4_release.180410-1804,Pro,1,0,,,137,,1,1,Desktop,Windows.Desktop,1980,224731,4,1,821,,953869,HDD,953867,0,16384,Desktop,40.2,1366,768,Desktop,,4294967295,10.0.17134.285,amd64,rs4_release,17134,285,Professional,PROFESSIONAL,CleanPCRefresh,7,30,FullAuto,0,IS_GENUINE,Retail,,0,Retail,,168,33778,0,,0,0,0,0,0,12
000065ad36d3a5b0943b3748ffa93fc1,win8defender,1.1.15400.5,4.18.1810.5,1.281.695.0,0,7,0,,53447,1,1,1,160,106122,27,204,170,windows10,x86,10.0.0.0,16299,768,rs3,16299.15.x86fre.rs3_release.170928-1534,Home,1,0,,,117,,1,1,SmallTablet,Windows.Desktop,2427,193952,4,5,1850,,14800,SSD,14120,0,1024,Notebook,8,1280,800,Slate,,160,10.0.16299.547,x86,rs3_release,16299,547,Core,CORE,IBSClean,25,115,UNKNOWN,0,IS_GENUINE,OEM:DM,,0,Retail,,513,26191,0,,0,0,0,1,0,3
0000684ebeb593a8d574293b505922cc,win8defender,1.1.15300.6,4.18.1809.2,1.277.1037.0,0,7,0,,53447,1,1,1,201,66202,,267,251,windows10,x64,10.0.0.0,15063,768,rs2,15063.0.amd64fre.rs2_release.170317-1834,Home,1,0,,,108,RequireAdmin,1,1,Desktop,Windows.Desktop,3708,255626,4,5,2273,,476940,HDD,237962,0,4096,Desktop,18.5,1360,768,Workstation,,4294967295,10.0.15063.1266,amd64,rs2_release,15063,1266,Core,CORE,Update,35,148,AutoInstallAndRebootAtMaintenanceTime,0,IS_GENUINE,Retail,,0,Retail,0,142,11771,0,0,0,0,0,0,0,11
000068c452244499fb02b0cd0c9eb94f,win8defender,1.1.15400.4,4.18.1810.5,1.279.806.0,0,7,0,,47238,2,1,1,155,82373,,240,233,windows10,x64,10.0.0.0,17134,768,rs4,17134.1.amd64fre.rs4_release.180410-1804,Home,1,0,,,137,RequireAdmin,1,1,Notebook,Windows.Desktop,525,331298,4,5,3063,,953869,HDD,953093,0,8192,Notebook,15.5,1920,1080,Mobile,lion,55,10.0.17134.345,amd64,rs4_release,17134,345,CoreSingleLanguage,CORE_SINGLELANGUAGE,Update,9,34,FullAuto,0,IS_GENUINE,OEM:DM,0,0,Retail,0,142,70437,1,0,0,0,0,0,1,10
00006a744f9d2238c14147b654db8899,win8defender,1.1.15300.6,4.18.1809.2,1.277.911.0,0,7,0,,53447,1,1,1,220,40292,27,237,72,windows10,x64,10.0.0.0,16299,768,rs3,16299.15.amd64fre.rs3_release.170928-1534,Home,1,0,,0,117,RequireAdmin,1,1,Notebook,Windows.Desktop,2102,242491,2,5,1992,,476940,HDD,462280,1,2048,Notebook,15.5,1366,768,Mobile,lion,0,10.0.16299.371,amd64,rs3_release,16299,371,CoreSingleLanguage,CORE_SINGLELANGUAGE,Upgrade,7,30,Notify,0,IS_GENUINE,OEM:DM,,0,Retail,0,554,33098,1,0,0,0,0,0,0,11
00006e432bbb79128187560ba7c57ceb,win8defender,1.1.15400.5,4.18.1810.5,1.281.241.0,0,7,0,,53447,1,1,1,59,22656,27,277,75,windows10,x64,10.0.0.0,14393,256,rs1,14393.2363.amd64fre.rs1_release.180625-1741,Pro,1,0,,,98,,1,1,Notebook,Windows.Desktop,2102,241927,2,5,1998,,476940,HDD,205741,0,4096,Notebook,15.5,1366,768,Mobile,,0,10.0.14393.2363,amd64,rs1_release,14393,2363,Professional,PROFESSIONAL,IBSClean,8,31,UNKNOWN,0,IS_GENUINE,Volume:GVLK,,0,Retail,,554,33144,0,,0,0,0,0,0,11
0000786ab891c531ef0d5d5098f28930,win8defender,1.1.15400.4,4.18.1809.2,1.279.8.0,0,7,0,,53447,1,1,1,43,57899,18,277,75,windows10,x64,10.0.0.0,14393,768,rs1,14393.2189.amd64fre.rs1_release.180329-1711,Home,1,0,,,98,RequireAdmin,1,1,Convertible,Windows.Desktop,2668,170943,4,5,3558,,244198,SSD,79434,0,8192,Notebook,13.2,3200,1800,Mobile,,0,10.0.14393.2189,amd64,rs1_release,14393,2189,Core,CORE,IBSClean,8,31,UNKNOWN,0,IS_GENUINE,Retail,,0,Retail,,628,21402,0,,0,1,0,0,0,7
000078e67a3f2a100429120430a18075,win8defender,1.1.15300.6,4.18.1809.2,1.277.1047.0,0,7,0,,53447,1,1,1,43,119815,27,53,42,windows10,x64,10.0.0.0,17134,768,rs4,17134.1.amd64fre.rs4_release.180410-1804,Home,1,0,,,137,RequireAdmin,1,1,AllInOne,Windows.Desktop,2668,211059,4,5,2393,,953869,HDD,103600,0,4096,AllinOne,21.5,1920,1080,Desktop,,,10.0.17134.285,amd64,rs4_release,17134,285,CoreCountrySpecific,CORE_COUNTRYSPECIFIC,Refresh,37,158,FullAuto,0,IS_GENUINE,OEM:DM,,0,Retail,,628,44272,1,,0,0,0,,1,7
00007cfba1c285bb92b4fbc10ee867e5,win8defender,1.1.15400.5,4.18.1810.5,1.281.293.0,0,7,0,,53447,1,1,1,68,140709,27,276,74,windows10,x64,10.0.0.0,17134,256,rs4,17134.1.amd64fre.rs4_release.180410-1804,Pro,1,0,,,137,,1,1,Notebook,Windows.Desktop,525,331025,4,5,2285,,305245,HDD,304629,0,4096,Notebook,14,1366,768,Mobile,,0,10.0.17134.407,amd64,rs4_release,17134,407,Professional,PROFESSIONAL,IBSClean,7,30,FullAuto,0,IS_GENUINE,Volume:GVLK,,0,Retail,,142,69128,0,,0,0,0,0,0,12
00007d977cd6b0f21a7b497cff52b32b,win8defender,1.1.15200.1,4.18.1807.18075,1.275.1276.0,0,7,0,,7945,2,1,1,29,56427,,35,171,windows10,x86,10.0.0.0,16299,256,rs3,16299.15.x86fre.rs3_release.170928-1534,Pro,1,0,,0,117,Warn,1,1,Desktop,Windows.Desktop,2206,,1,5,3224,,238475,Unspecified,237923,1,4096,LowProfileDesktop,18.5,800,600,Desktop,,4294967295,10.0.16299.371,x86,rs3_release,16299,371,Professional,PROFESSIONAL,Upgrade,26,119,FullAuto,0,IS_GENUINE,Retail,0,0,Retail,0,500,16704,0,0,0,0,0,0,1,10
00007e387347b6a2c20e252bd8de3f86,win8defender,1.1.15400.3,4.13.17134.1,1.277.921.0,0,7,0,,53447,1,1,1,43,35688,18,53,42,windows10,x64,10.0.0.0,17134,256,rs4,17134.1.amd64fre.rs4_release.180410-1804,Pro,1,0,,0,137,,1,1,Notebook,Windows.Desktop,666,264573,12,5,3125,,239372,SSD,119862,0,16384,Laptop,15.4,2880,1800,Mobile,,0,10.0.17134.1,amd64,rs4_release,17134,1,Professional,PROFESSIONAL,IBSClean,37,158,UNKNOWN,0,INVALID_LICENSE,Volume:GVLK,,0,Retail,,152,8388,1,,0,0,0,0,0,7
00007e926854c2c338f69d7ceb80cff3,win8defender,1.1.15100.1,4.14.17639.18041,1.273.1005.0,0,7,0,,62773,1,1,1,43,36366,27,53,42,windows10,x64,10.0.0.0,16299,256,rs3,16299.15.amd64fre.rs3_release.170928-1534,Pro,0,0,,0,111,RequireAdmin,1,1,Detachable,Windows.Desktop,3150,313506,4,5,2925,,244198,SSD,236449,0,8192,Laptop,12,2160,1440,Slate,lion,239,10.0.16299.192,amd64,rs3_release,16299,192,Professional,PROFESSIONAL,Upgrade,37,158,FullAuto,0,IS_GENUINE,Retail,0,0,Retail,0,142,10757,1,0,0,1,1,1,0,7
0000805072cfea837bafe44ffc3f01df,win8defender,1.1.15400.4,4.18.1809.2,1.279.212.0,0,7,0,,7945,2,1,1,171,96401,18,211,182,windows10,x86,10.0.0.0,17134,768,rs4,17134.1.x86fre.rs4_release.180410-1804,Home,1,0,,,137,RequireAdmin,1,1,Detachable,Windows.Desktop,525,314077,4,5,1853,,59648,SSD,50326,0,2048,Notebook,10.4,1368,768,Slate,lion,244,10.0.17134.286,x86,rs4_release,17134,286,Core,CORE,UUPUpgrade,29,125,FullAuto,0,IS_GENUINE,Retail,0,0,Retail,0,142,60557,1,0,0,1,0,1,0,3
0000837de4d8c1772b63a86a712409ed,win8defender,1.1.15400.5,4.18.1810.5,1.281.618.0,0,7,0,,53447,1,1,1,45,81992,27,63,219,windows10,x64,10.0.0.0,17134,256,rs4,17134.1.amd64fre.rs4_release.180410-1804,Pro,1,0,,,137,ExistsNotSet,1,1,Desktop,Windows.Desktop,1980,227541,4,5,2407,,953869,HDD,953253,0,8192,Desktop,21.7,1920,1080,Desktop,,4294967295,10.0.17134.407,amd64,rs4_release,17134,407,Professional,PROFESSIONAL,IBSClean,9,34,FullAuto,0,IS_GENUINE,Volume:GVLK,,0,Retail,,142,33893,0,,0,0,0,0,1,10
0000842ddc228be24fdd679c9a4194ab,win8defender,1.1.15400.4,4.18.1810.5,1.279.1324.0,0,7,0,,53447,1,1,1,44,156699,11,57,218,windows10,x64,10.0.0.0,16299,768,rs3,16299.15.amd64fre.rs3_release.170928-1534,Home,1,0,,,111,,1,1,Notebook,Windows.Desktop,2668,171370,2,1,311,,953869,HDD,953253,0,4096,Notebook,13.9,1366,768,Mobile,,0,10.0.16299.309,amd64,rs3_release,16299,309,CoreSingleLanguage,CORE_SINGLELANGUAGE,IBSClean,10,35,UNKNOWN,0,IS_GENUINE,Retail,,0,Retail,,628,8926,1,,0,0,0,0,0,10
00008529373ccc5c6f2fd311cb03f3d4,win8defender,1.1.15300.6,4.18.1809.2,1.277.1071.0,0,7,0,,53447,1,1,1,66,12162,27,89,88,windows10,x64,10.0.0.0,17763,768,prers5,17763.1.amd64fre.rs5_release.180914-1434,Home,1,0,,,205,Warn,1,1,Notebook,Windows.Desktop,585,313529,4,5,2697,,244198,SSD,243057,1,8192,Notebook,13.9,1920,1080,Mobile,,0,10.0.17763.55,amd64,rs5_release,17763,55,Core,CORE,UUPUpgrade,14,49,FullAuto,0,IS_GENUINE,OEM:DM,,0,Retail,,556,63140,1,,0,0,0,0,1,5
00008887d503218e314102a1ca9d792f,win8defender,1.1.15300.6,4.18.1809.2,1.277.1044.0,0,0,1,,11280,2,1,1,158,21006,27,277,75,windows10,x64,10.0.0.0,16299,768,rs3,16299.637.amd64fre.rs3_release_svc.180808-1748,Home,1,0,,,117,,1,1,Notebook,Windows.Desktop,525,316871,8,5,2746,,953869,HDD,952792,0,4096,Notebook,15.5,1920,1080,Mobile,,0,10.0.16299.665,amd64,rs3_release,16299,665,CoreSingleLanguage,CORE_SINGLELANGUAGE,Reset,8,31,UNKNOWN,0,IS_GENUINE,OEM:DM,,0,Retail,,142,36907,1,,0,0,0,0,1,1
00008c0e1103aa31ca48e0fa22464ae7,win8defender,1.1.14901.4,4.12.17007.18022,1.269.634.0,0,7,0,,53447,1,1,1,35,79601,27,45,83,windows10,x64,10.0.0.0,15063,768,rs2,15063.0.amd64fre.rs2_release.170317-1834,Home,1,0,,0,108,RequireAdmin,1,1,Notebook,Windows.Desktop,4730,312037,4,1,39,,715404,HDD,700655,0,8192,Notebook,17.3,1600,900,Mobile,,42,10.0.15063.966,amd64,rs2_release,15063,966,Core,CORE,Upgrade,14,49,Notify,0,IS_GENUINE,Retail,,0,Retail,,556,4357,1,,0,0,0,0,0,4
00008d6f5d868b09d41db74d9badcda4,win8defender,1.1.15400.5,4.18.1810.5,1.281.613.0,0,7,0,,53447,1,1,1,107,50352,,138,134,windows10,x64,10.0.0.0,17134,256,rs4,17134.1.amd64fre.rs4_release.180410-1804,Education,1,0,,,137,,1,1,Desktop,Windows.Desktop,4909,317701,4,5,3480,,262321,SSD,261770,0,8192,Desktop,21.7,1920,1080,Desktop,,4294967295,10.0.17134.345,amd64,rs4_release,17134,345,Education,EDUCATION,UUPUpgrade,20,83,FullAuto,0,IS_GENUINE,Retail,,0,Retail,,142,53840,0,,0,0,0,0,0,1
00008f42abacfd7748a31fa33a3eb322,win8defender,1.1.15300.6,4.18.1809.2,1.277.1212.0,0,7,0,,47238,2,1,1,35,107225,27,45,60,windows10,x64,10.0.0.0,17134,768,rs4,17134.1.amd64fre.rs4_release.180410-1804,Home,1,0,,,137,RequireAdmin,1,1,Desktop,Windows.Desktop,2102,115046,4,1,288,,953869,HDD,938105,0,8192,Desktop,21.7,1920,1080,Desktop,,4294967295,10.0.17134.345,amd64,rs4_release,17134,345,Core,CORE,Refresh,8,31,FullAuto,0,IS_GENUINE,OEM:DM,,0,Retail,,93,33129,1,,0,0,0,0,1,4
0000907981a1859c968cc5b386a59b9c,win8defender,1.1.15300.6,4.13.17134.1,1.277.445.0,0,7,0,,53447,1,1,1,93,115331,,277,75,windows10,x64,10.0.0.0,17134,768,rs4,17134.1.amd64fre.rs4_release.180410-1804,Home,1,0,,0,137,,1,1,Notebook,Windows.Desktop,1443,256588,4,5,2321,,476940,HDD,99451,0,8192,Laptop,13.9,1366,768,Mobile,,0,10.0.17134.112,amd64,rs4_release,17134,112,CoreSingleLanguage,CORE_SINGLELANGUAGE,IBSClean,8,31,UNKNOWN,0,OFFLINE,OEM:DM,,0,Retail,,355,19982,0,,0,0,0,0,,
0000931ed8d90ccfe4722cd3887e22b2,win8defender,1.1.15400.4,4.18.1806.18062,1.279.768.0,0,7,0,,53447,1,1,1,119,85981,,205,172,windows10,x64,10.0.0.0,14393,256,rs1,14393.2189.amd64fre.rs1_release.180329-1711,Pro,1,0,,0,98,RequireAdmin,1,1,Notebook,Windows.Desktop,4730,302952,4,5,2523,,476940,HDD,376328,1,4096,Notebook,15.5,1366,768,Mobile,lion,0,10.0.14393.2189,amd64,rs1_release,14393,2189,Professional,PROFESSIONAL,Update,27,120,Notify,0,IS_GENUINE,Retail,0,0,Retail,0,556,13912,0,0,0,0,0,0,0,15
00009976930d8ab60a2a91f524188152,win8defender,1.1.15400.5,4.18.1810.5,1.281.782.0,0,7,0,,53447,1,1,1,205,74719,,274,75,windows10,x64,10.0.0.0,15063,768,rs2,15063.0.amd64fre.rs2_release.170317-1834,Home,1,0,,,108,,1,1,Notebook,Windows.Desktop,2668,172078,2,5,2097,,29820,SSD,28542,0,2048,Notebook,11.6,1366,768,Mobile,,102,10.0.15063.1088,amd64,rs2_release,15063,1088,CoreSingleLanguage,CORE_SINGLELANGUAGE,Other,29,125,UNKNOWN,0,IS_GENUINE,OEM:DM,,0,Retail,,628,15816,1,,0,0,0,0,0,3
000099994676a13660ac15170a2a0bed,win8defender,1.1.15400.5,4.13.17134.1,1.281.670.0,0,7,0,,53447,1,1,1,29,143155,,35,171,windows10,x64,10.0.0.0,17134,768,rs4,17134.1.amd64fre.rs4_release.180410-1804,Home,1,0,,,137,,1,1,Convertible,Windows.Desktop,3890,265084,2,5,1998,,29820,SSD,29203,0,4096,Notebook,12.9,1366,768,Mobile,,45,10.0.17134.1,amd64,rs4_release,17134,1,Core,CORE,IBSClean,26,119,UNKNOWN,0,IS_GENUINE,OEM:DM,,0,Retail,,513,11040,1,,0,0,0,0,0,10
00009b91d4612a6b40bd015e4456b10d,win8defender,1.1.15400.5,4.18.1810.5,1.281.788.0,0,7,0,,53447,1,1,1,51,97193,27,98,103,windows10,x86,10.0.0.0,14393,768,rs1,14393.2214.x86fre.rs1_release_1.180402-1758,Home,1,0,,,98,Off,1,1,Detachable,Windows.Desktop,2668,171180,4,5,1848,,29820,SSD,28542,0,2048,HandHeld,10.1,1280,800,Slate,,86,10.0.14393.2214,x86,rs1_release,14393,2214,Core,CORE,Refresh,5,26,Notify,0,IS_GENUINE,OEM:DM,,0,Retail,,628,27640,1,,0,1,0,1,0,6
00009cf494f93eab0732fe30814791ec,win8defender,1.1.15300.6,4.18.1809.2,1.277.871.0,0,7,0,,53447,1,1,1,11,155216,27,16,102,windows10,x64,10.0.0.0,17134,768,rs4,17134.1.amd64fre.rs4_release.180410-1804,Home,1,0,,0,137,,1,1,Desktop,Windows.Desktop,4589,313586,12,5,3117,,476940,SSD,476325,0,16384,Desktop,34.1,2560,1080,Desktop,,4294967295,10.0.17134.285,amd64,rs4_release,17134,285,Core,CORE,UUPUpgrade,5,26,FullAuto,0,IS_GENUINE,OEM:NONSLP,,0,Retail,,142,3550,1,,0,0,0,0,1,15
00009d90a3328e80b80443fd07bf807e,win8defender,1.1.15300.6,4.18.1809.2,1.277.701.0,0,7,0,,7945,2,1,1,44,16668,27,57,218,windows10,x64,10.0.0.0,17134,768,rs4,17134.1.amd64fre.rs4_release.180410-1804,Home,1,0,,,137,RequireAdmin,1,1,Convertible,Windows.Desktop,2668,171293,4,5,2382,,953869,HDD,913091,0,4096,Convertible,13.9,1366,768,Mobile,,0,10.0.17134.228,amd64,rs4_release,17134,228,CoreSingleLanguage,CORE_SINGLELANGUAGE,Refresh,9,34,FullAuto,0,IS_GENUINE,OEM:DM,,0,Retail,,628,4188,1,,0,1,0,0,0,10
00009dbf12762fca1d5d6624ca4a260c,win8defender,1.1.15300.6,4.18.1809.2,1.277.1054.0,0,7,0,,53447,1,1,1,80,7198,27,101,107,windows10,x64,10.0.0.0,17134,768,rs4,17134.1.amd64fre.rs4_release.180410-1804,Home,1,0,,,137,Off,1,1,Notebook,Windows.Desktop,2102,241911,4,1,84,,244198,SSD,228748,0,6144,Notebook,15.5,1920,1080,Mobile,,0,10.0.17134.345,amd64,rs4_release,17134,345,Core,CORE,UUPUpgrade,6,28,FullAuto,0,IS_GENUINE,OEM:DM,,0,Retail,,554,33130,1,,0,0,0,0,0,3
00009e4eddd2ab379c7c8b785f9be6eb,win8defender,1.1.15200.1,4.18.1807.18075,1.275.1480.0,0,7,0,,46669,2,1,1,44,64554,27,57,218,windows10,x64,10.0.0.0,16299,768,rs3,16299.431.amd64fre.rs3_release_svc_escrow.180502-1908,Home,1,0,,0,117,ExistsNotSet,1,1,Notebook,Windows.Desktop,2206,229822,2,1,664,,476940,HDD,446220,0,4096,Notebook,13.9,1366,768,Mobile,,76,10.0.16299.431,amd64,rs3_release_svc_escrow,16299,431,CoreSingleLanguage,CORE_SINGLELANGUAGE,Upgrade,9,34,FullAuto,0,IS_GENUINE,Retail,,0,Retail,,554,33091,1,,0,0,0,0,0,10
00009fb1bae81b5df6b3a55a383c4e23,win8defender,1.1.15300.6,4.18.1809.2,1.277.1089.0,0,7,0,,53447,1,1,1,97,89935,27,126,124,windows10,x86,10.0.0.0,17134,256,rs4,17134.1.x86fre.rs4_release.180410-1804,Pro,1,0,,,137,RequireAdmin,1,1,Desktop,Windows.Desktop,4589,313586,2,5,3224,,476940,HDD,199391,0,3072,Desktop,18.5,1366,768,Desktop,,4294967295,10.0.17134.345,x86,rs4_release,17134,345,Professional,PROFESSIONAL,Upgrade,18,72,FullAuto,0,IS_GENUINE,Retail,,0,Retail,,142,3540,0,,0,0,0,0,0,15
0000a1beb3d014dcbf67a361edfd0aa6,win8defender,1.1.15300.6,4.11.15063.447,1.277.515.0,0,7,0,,61133,2,1,1,51,80810,27,98,103,windows10,x64,10.0.0.0,15063,768,rs2,15063.0.amd64fre.rs2_release.170317-1834,Home,0,0,,,107,RequireAdmin,1,1,AllInOne,Windows.Desktop,585,190184,4,5,3389,,476940,HDD,475958,0,4096,AllinOne,17.2,1920,1080,Desktop,,4294967295,10.0.15063.674,amd64,rs2_release,15063,674,Core,CORE,Update,5,26,Notify,0,IS_GENUINE,OEM:DM,,0,Retail,0,556,56797,1,0,0,0,0,0,0,6
0000a6ac3a9280270f48f7b800addf0a,win8defender,1.1.15300.6,4.10.209.0,1.277.1156.0,0,7,0,,53447,1,1,1,93,1482,18,277,75,windows8,x64,6.3.0.0,9600,768,windows8.1,9600.19125.amd64fre.winblue_ltsb.180812-0703,Home,1,0,,,333,RequireAdmin,1,1,Notebook,Windows.Desktop,4490,309358,4,5,2523,,715404,HDD,689567,0,4096,Notebook,13.2,1366,768,Mobile,,0,10.0.15063.674,amd64,rs2_release,15063,674,CoreSingleLanguage,CORE_SINGLELANGUAGE,Upgrade,8,31,FullAuto,0,IS_GENUINE,Retail,,0,Retail,,556,56606,1,,0,0,0,0,0,8
0000a745dcf9a48aa3fd57fd9479e066,win8defender,1.1.15300.6,4.18.1809.2,1.277.575.0,0,7,0,,53447,1,1,1,101,75109,18,129,126,windows10,x86,10.0.0.0,17134,768,rs4,17134.1.x86fre.rs4_release.180410-1804,Home,1,0,,,137,RequireAdmin,1,1,Notebook,Windows.Desktop,1780,220399,2,5,3246,,476940,HDD,230177,0,4096,Notebook,15.5,1366,768,Mobile,lion,0,10.0.17134.285,x86,rs4_release,17134,285,Core,CORE,UUPUpgrade,19,74,FullAuto,0,IS_GENUINE,Retail,,0,Retail,0,444,67757,0,0,0,0,0,0,0,9
0000aa2cbcab43b694f86f20fff514ac,win8defender,1.1.15400.5,4.18.1810.5,1.281.657.0,0,7,0,,53447,1,1,1,169,31016,,209,75,windows10,x64,10.0.0.0,17134,256,rs4,17134.1.amd64fre.rs4_release.180410-1804,Pro,1,0,,,137,,1,1,Notebook,Windows.Desktop,1443,260857,4,5,2525,,114473,SSD,113907,1,4096,Laptop,14,1600,900,Mobile,,0,10.0.17134.407,amd64,rs4_release,17134,407,Professional,PROFESSIONAL,UUPUpgrade,8,31,FullAuto,0,IS_GENUINE,OEM:NONSLP,,0,Retail,,355,20988,0,,0,0,0,0,0,3
0000aac36d56f088196bbe73725ce4e4,win8defender,1.1.15300.6,4.18.1809.2,1.277.1010.0,0,7,0,,53447,1,1,1,51,98194,27,98,103,windows10,x64,10.0.0.0,17134,768,rs4,17134.1.amd64fre.rs4_release.180410-1804,Home,1,0,,0,137,,1,1,Notebook,Windows.Desktop,585,189490,4,5,2998,,238475,SSD,236974,0,16384,Notebook,17.3,1920,1080,Mobile,,0,10.0.17134.285,amd64,rs4_release,17134,285,Core,CORE,Upgrade,5,26,FullAuto,0,IS_GENUINE,Retail,,0,Retail,,556,63417,1,,0,0,0,0,1,6
0000ab23e3329284fcc549d6b61990dd,win8defender,1.1.15400.5,4.18.1810.5,1.281.113.0,0,7,0,,53447,1,1,1,97,122028,27,126,124,windows10,x64,10.0.0.0,14393,768,rs1,14393.2189.amd64fre.rs1_release.180329-1711,Home,1,0,,,98,RequireAdmin,1,1,Notebook,Windows.Desktop,4490,325326,4,5,2280,,476940,HDD,476438,0,4096,Notebook,15.5,1366,768,Mobile,,0,10.0.14393.2189,amd64,rs1_release,14393,2189,Core,CORE,IBSClean,18,72,UNKNOWN,0,IS_GENUINE,Retail,,0,Retail,,512,57133,0,,0,0,0,0,0,15
0000af7f0cbfc244e1f8b4a2ab304d27,win8defender,1.1.15300.6,4.18.1809.2,1.277.1102.0,0,7,0,,53447,1,1,1,160,70599,,204,170,windows10,x64,10.0.0.0,17134,256,rs4,17134.1.amd64fre.rs4_release.180410-1804,Pro,1,0,,,137,,1,1,Notebook,Windows.Desktop,2668,85387,4,5,2697,,244198,SSD,242921,0,8192,Notebook,15.5,1920,1080,Mobile,,0,10.0.17134.228,amd64,rs4_release,17134,228,Professional,PROFESSIONAL,Upgrade,25,115,FullAuto,0,IS_GENUINE,OEM:DM,,0,Retail,,628,47795,1,,0,0,0,0,0,3
0000b30c9f4e14b3b761b392d2d67bca,win8defender,1.1.15300.6,4.18.1809.2,1.277.1071.0,0,7,0,,47238,2,1,1,173,1979,18,224,16,windows10,x64,10.0.0.0,16299,768,rs3,16299.15.amd64fre.rs3_release.170928-1534,Home,1,0,,,117,RequireAdmin,1,1,Notebook,Windows.Desktop,1443,256480,4,5,2697,,953869,HDD,938100,0,4096,Laptop,15.5,1366,768,Mobile,,0,10.0.16299.371,amd64,rs3_release,16299,371,Core,CORE,Upgrade,8,31,Notify,0,IS_GENUINE,OEM:DM,,0,Retail,,355,9321,0,,0,0,0,0,1,11
0000b586928e64e2f0d516989e84c898,win8defender,1.1.15400.4,4.18.1809.2,1.279.295.0,0,7,0,,53447,1,1,1,73,666,27,277,75,windows10,x64,10.0.0.0,16299,256,rs3,16299.637.amd64fre.rs3_release_svc.180808-1748,Pro,1,0,,,117,,1,1,Desktop,Windows.Desktop,1443,328520,4,5,3478,,476940,HDD,476324,0,4096,Desktop,18.5,1366,768,Desktop,,4294967295,10.0.16299.726,amd64,rs3_release,16299,726,Professional,PROFESSIONAL,IBSClean,8,31,UNKNOWN,0,INVALID_LICENSE,Retail,,0,Retail,,355,7251,1,,0,0,0,0,0,11
0000b94f31295e3bdf8a381ffdf28ca5,win8defender,1.1.15200.1,4.11.15063.447,1.275.1293.0,0,7,0,,62773,1,1,1,43,162990,27,53,42,windows10,x64,10.0.0.0,15063,768,rs2,15063.0.amd64fre.rs2_release.170317-1834,Home,0,0,,0,107,RequireAdmin,1,1,Notebook,Windows.Desktop,2668,171452,8,5,3082,,953869,HDD,102400,0,8192,Notebook,15.5,1920,1080,Mobile,,0,10.0.15063.674,amd64,rs2_release,15063,674,CoreCountrySpecific,CORE_COUNTRYSPECIFIC,Update,37,158,Notify,0,IS_GENUINE,OEM:DM,,0,Retail,,628,12197,1,,0,0,0,0,0,7
0000b9f4ea50c3c43294b642dd78277f,win8defender,1.1.15400.4,4.18.1810.5,1.279.1713.0,0,7,0,,53447,1,1,1,88,165501,,211,182,windows10,x64,10.0.0.0,16299,768,rs3,16299.431.amd64fre.rs3_release_svc_escrow.180502-1908,Home,1,0,,,117,ExistsNotSet,1,1,Notebook,Windows.Desktop,2668,170931,2,5,1985,,476940,HDD,75537,0,4096,Notebook,15.5,1366,768,Mobile,,0,10.0.16299.547,amd64,rs3_release_svc_escrow,16299,547,Core,CORE,UUPUpgrade,17,125,AutoInstallAndRebootAtMaintenanceTime,0,IS_GENUINE,Retail,,0,Retail,0,628,21625,0,0,0,0,0,0,0,3
0000bed89a3fdd8d7993da972307e78a,win8defender,1.1.15300.6,4.18.1809.2,1.277.400.0,0,7,0,,53447,1,1,1,195,10222,27,277,75,windows10,x64,10.0.0.0,17134,768,rs4,17134.1.amd64fre.rs4_release.180410-1804,Home,1,0,,,137,,1,1,Desktop,Windows.Desktop,1980,333170,12,5,3098,,114473,SSD,113857,0,16384,Desktop,31.5,1920,1080,Desktop,,4294967295,10.0.17134.320,amd64,rs4_release,17134,320,Core,CORE,IBSClean,8,31,FullAuto,0,IS_GENUINE,Retail,,0,Retail,,142,35257,0,,0,0,0,0,1,1
0000bffa3b2f04490226c2c5f4f454bc,win8defender,1.1.15300.6,4.18.1809.2,1.277.587.0,0,7,0,,47238,2,1,1,160,98895,27,204,170,windows10,x64,10.0.0.0,17134,768,rs4,17134.1.amd64fre.rs4_release.180410-1804,Home,1,0,,,137,RequireAdmin,1,1,Desktop,Windows.Desktop,2668,178860,4,5,2095,,476940,HDD,444331,0,4096,Desktop,31.5,1920,1080,Desktop,,4294967295,10.0.17134.286,amd64,rs4_release,17134,286,Core,CORE,Update,25,115,FullAuto,0,IS_GENUINE,OEM:DM,,0,Retail,,628,50342,1,,0,0,0,0,1,3
0000c282acf747c43b0ef16affb40ec3,win8defender,1.1.15400.5,4.18.1810.5,1.281.718.0,0,7,0,,53447,1,1,1,95,89946,,277,75,windows10,x64,10.0.0.0,17763,256,prers5,17763.1.amd64fre.rs5_release.180914-1434,Pro,1,0,,,205,,1,1,Notebook,Windows.Desktop,2102,245824,4,1,19,,953869,HDD,236443,0,12288,Notebook,17.3,1920,1080,Mobile,,319,10.0.17763.134,amd64,rs5_release,17763,134,Professional,PROFESSIONAL,IBSClean,8,31,FullAuto,0,IS_GENUINE,Retail,,0,Retail,,142,33165,0,,0,1,0,0,1,11
0000c5ee678e014feac047c30cbbb462,win8defender,1.1.15400.5,4.18.1810.5,1.281.594.0,0,7,0,,53447,1,1,1,88,98608,,117,115,windows10,x64,10.0.0.0,17134,256,rs4,17134.1.amd64fre.rs4_release.180410-1804,Pro,1,0,,,137,RequireAdmin,1,1,Desktop,Windows.Desktop,3035,263610,4,5,2349,,114471,SSD,113056,0,4096,Desktop,21.5,1920,1080,Desktop,,4294967295,10.0.17134.407,amd64,rs4_release,17134,407,Professional,PROFESSIONAL,UUPUpgrade,17,64,FullAuto,0,IS_GENUINE,OEM:NONSLP,0,0,Retail,0,142,64958,0,0,0,0,0,0,0,3
0000c8e4ebec070378c978bd1bd4c40f,win8defender,1.1.15400.4,4.12.16299.15,1.279.1675.0,0,7,0,2824,53447,1,1,1,43,28505,18,53,42,windows10,x64,10.0.0.0,16299,256,rs3,16299.15.amd64fre.rs3_release.170928-1534,Pro,1,0,,0,111,,1,1,Desktop,Windows.Desktop,4589,313586,,,,,,UNKNOWN,,0,,Desktop,24.1,1920,1200,Desktop,,,10.0.16299.726,amd64,rs3_release,16299,726,Professional,PROFESSIONAL,IBSClean,37,158,UNKNOWN,0,IS_GENUINE,Volume:GVLK,,,Retail,,,,1,,0,0,0,,1,7
0000c96a81e3d0c8b6bbab76f3285ef9,win8defender,1.1.15400.4,4.18.1810.5,1.279.390.0,0,7,0,,53447,1,1,1,205,104901,,211,182,windows10,x64,10.0.0.0,17134,256,rs4,17134.1.amd64fre.rs4_release.180410-1804,Pro,1,0,,,137,RequireAdmin,1,1,Notebook,Windows.Desktop,525,331297,4,5,2660,,953869,HDD,131634,0,8192,Notebook,15.5,1920,1080,Mobile,lion,5,10.0.17134.345,amd64,rs4_release,17134,345,Professional,PROFESSIONAL,UUPUpgrade,29,125,FullAuto,0,IS_GENUINE,Retail,,0,Retail,0,142,70428,0,0,0,0,0,0,0,3
0000cc49973234cbc393be142d351961,win8defender,1.1.14104.0,4.12.16299.15,1.251.42.0,0,7,0,2064,53447,1,1,1,81,56441,18,167,227,windows10,x64,10.0.0.0,16299,768,rs3,16299.15.amd64fre.rs3_release.170928-1534,Home,1,0,,,111,,1,1,Notebook,Windows.Desktop,2102,241818,8,5,2737,,953869,HDD,937216,0,8192,Notebook,13.9,1366,768,Mobile,,0,10.0.17134.285,amd64,rs4_release,17134,285,CoreSingleLanguage,CORE_SINGLELANGUAGE,UUPUpgrade,10,35,FullAuto,0,IS_GENUINE,OEM:DM,,0,Retail,,554,33026,1,,0,0,0,0,0,10
0000d42f9b184e817368d9947df1fb73,win8defender,1.1.15400.4,4.18.1809.2,1.279.102.0,0,7,0,,53447,1,1,1,66,101146,18,89,88,windows10,x64,10.0.0.0,17134,768,rs4,17134.1.amd64fre.rs4_release.180410-1804,Home,1,0,,0,137,,1,1,Notebook,Windows.Desktop,585,189564,2,5,2097,,953869,HDD,953253,0,4096,Notebook,17.2,1600,900,Mobile,,0,10.0.17134.285,amd64,rs4_release,17134,285,Core,CORE,IBSClean,14,49,FullAuto,0,IS_GENUINE,OEM:DM,,0,Retail,,556,63437,1,,0,0,0,0,0,5
0000d49329dfa05d72a209f7ec3daade,win8defender,1.1.15400.5,4.12.16299.15,1.281.627.0,0,7,0,,53447,1,1,1,158,87906,18,277,75,windows10,x64,10.0.0.0,16299,256,rs3,16299.15.amd64fre.rs3_release.170928-1534,Pro,1,0,,,135,,1,1,AllInOne,Windows.Desktop,3035,263673,4,5,2706,,476940,HDD,476389,0,8192,Desktop,27.2,1024,768,Desktop,,4294967295,10.0.16299.98,amd64,rs3_release,16299,98,Professional,PROFESSIONAL,IBSClean,8,31,UNKNOWN,0,INVALID_LICENSE,Volume:GVLK,,0,Unknown,,142,7503,0,,0,0,0,0,,
0000d58528f55196496a828aa08c3e9f,win8defender,1.1.14700.5,4.12.16299.15,1.265.108.0,0,7,0,,62773,1,1,1,154,76266,27,198,229,windows10,x64,10.0.0.0,16299,768,rs3,16299.431.amd64fre.rs3_release_svc_escrow.180502-1908,Home,0,0,,0,117,RequireAdmin,1,1,Notebook,Windows.Desktop,2102,242491,4,5,2660,,953869,HDD,932926,0,8192,Notebook,13.9,1366,768,Mobile,lion,0,10.0.16299.611,amd64,rs3_release_svc_escrow,16299,611,CoreSingleLanguage,CORE_SINGLELANGUAGE,Update,10,35,Notify,0,IS_GENUINE,OEM:DM,,0,Retail,0,554,33091,1,0,0,0,0,0,0,10
0000d5f7f5896a0969211ee67cf2ea43,win8defender,1.1.15300.6,4.10.209.0,1.277.921.0,0,7,0,,53447,1,1,1,66,1224,,89,88,windows8,x64,6.3.0.0,9600,768,windows8.1,9600.19153.amd64fre.winblue_ltsb.180908-0600,Home,1,0,,,333,RequireAdmin,1,1,Notebook,Windows.Desktop,2668,170864,2,1,660,,953869,HDD,912949,0,4096,Notebook,15.5,1366,768,Mobile,,,10.0.14393.576,amd64,rs1_release,14393,576,Core,CORE,Refresh,14,49,FullAuto,0,IS_GENUINE,Retail,,0,Retail,,628,21090,1,,0,0,0,0,0,5
0000d68052a924812e9b38155d97791d,win8defender,1.1.14600.4,4.13.17134.1,1.263.48.0,0,7,0,,53447,1,1,1,203,10338,18,255,46,windows10,x64,10.0.0.0,17134,256,rs4,17134.1.amd64fre.rs4_release.180410-1804,Pro,1,0,,0,137,,1,1,Desktop,Windows.Desktop,4589,313586,4,5,2305,,457862,SSD,358363,0,8192,Desktop,23.5,1920,1080,Desktop,,4294967295,10.0.17134.320,amd64,rs4_release,17134,320,Professional,PROFESSIONAL,IBSClean,39,160,FullAuto,0,IS_GENUINE,Retail,,0,Retail,,142,3711,0,,0,0,0,0,,
0000d6da7c8152d678b9c74432e5c045,win8defender,1.1.15400.4,4.18.1810.5,1.279.1361.0,0,7,0,,53447,1,1,1,214,61668,50,287,75,windows10,x64,10.0.0.0,16299,256,rs3,16299.637.amd64fre.rs3_release_svc.180808-1748,Pro,1,0,,,117,,1,1,Notebook,Windows.Desktop,1443,260765,8,5,3112,,488386,SSD,243864,0,16384,Notebook,15.5,1920,1080,Mobile,,0,10.0.16299.726,amd64,rs3_release,16299,726,Professional,PROFESSIONAL,Other,8,31,UNKNOWN,0,IS_GENUINE,OEM:DM,,0,Retail,,355,7134,1,,0,0,0,0,0,1
0000deb7f8f7f371363b0911c79e5c89,win8defender,1.1.15400.4,4.18.1807.18075,1.279.452.0,0,7,0,,53447,1,1,1,107,65114,27,138,134,windows10,x64,10.0.0.0,16299,768,rs3,16299.15.amd64fre.rs3_release.170928-1534,Home,1,0,,0,117,RequireAdmin,1,1,AllInOne,Windows.Desktop,4142,201546,2,5,3438,,953869,HDD,473448,1,8192,AllinOne,23.4,1920,1080,Desktop,,4294967295,10.0.16299.371,amd64,rs3_release,16299,371,Core,CORE,UUPUpgrade,20,83,Notify,0,IS_GENUINE,Retail,,0,Retail,0,142,52776,1,0,0,0,0,0,0,1
0000e0c3ea157752d2bc861dcb790dfc,win8defender,1.1.15400.5,4.18.1810.5,1.281.627.0,0,7,0,,53447,1,1,1,203,27699,18,255,46,windows10,x64,10.0.0.0,17134,256,rs4,17134.1.amd64fre.rs4_release.180410-1804,Pro,1,0,,,137,RequireAdmin,1,1,Desktop,Windows.Desktop,525,200981,4,5,2719,,953869,HDD,380105,0,8192,Desktop,23.8,1920,1080,Desktop,,4294967295,10.0.17134.407,amd64,rs4_release,17134,407,Professional,PROFESSIONAL,UUPUpgrade,39,160,FullAuto,0,IS_GENUINE,OEM:DM,,0,Retail,,105,3544,1,,0,0,0,0,0,7
0000e24f648470b515479faa56e90da2,win8defender,1.1.15200.1,4.18.1807.18075,1.275.1421.0,0,7,0,,47238,2,1,1,2,118811,27,275,74,windows10,x64,10.0.0.0,16299,256,rs3,16299.15.amd64fre.rs3_release.170928-1534,Pro,1,0,,0,135,,1,1,Notebook,Windows.Desktop,2102,229929,4,5,2697,,476940,HDD,461384,0,8192,Notebook,15.5,1366,768,Mobile,,0,10.0.16299.125,amd64,rs3_release,16299,125,Professional,PROFESSIONAL,UUPUpgrade,7,30,Notify,0,IS_GENUINE,OEM:DM,,0,Retail,,554,33108,1,,0,0,0,0,0,11
0000e91976024f7844865c06565399b5,win8defender,1.1.15300.6,4.9.10586.1106,1.277.1035.0,0,7,0,,68238,3,1,1,43,68038,27,53,42,windows10,x64,10.0.0.0,10586,768,th2,10586.1176.amd64fre.th2_release_sec.170913-1848,Home,1,0,,,74,RequireAdmin,1,1,Notebook,Windows.Desktop,4142,150208,4,5,2640,,476940,HDD,84785,0,4096,Laptop,13.9,1366,768,Mobile,lion,93,10.0.10586.1176,amd64,th2_release_sec,10586,1176,CoreCountrySpecific,CORE_COUNTRYSPECIFIC,Other,37,158,Notify,0,IS_GENUINE,OEM:DM,0,0,Retail,0,142,52380,1,0,0,0,0,0,1,7
0000eb3f19bb17d4a55f8cfa90daf462,win8defender,1.1.15000.2,4.11.15063.447,1.271.159.0,0,7,0,,7073,3,1,1,35,120502,,45,60,windows10,x64,10.0.0.0,15063,768,rs2,15063.0.amd64fre.rs2_release.170317-1834,Home,1,0,,0,108,,1,1,Detachable,Windows.Desktop,585,313563,4,5,2660,,122104,SSD,120963,0,8192,Tablet,12,2160,1440,Mobile,,0,10.0.15063.1155,amd64,rs2_release,15063,1155,Core,CORE,Other,8,31,UNKNOWN,0,IS_GENUINE,OEM:DM,,0,Retail,,556,63086,1,,0,1,1,0,0,4
0000ed47c7fcbb52bff8561fb4b1a526,win8defender,1.1.15300.6,4.18.1809.2,1.277.938.0,0,7,0,,53447,1,1,1,44,130558,,57,218,windows10,x64,10.0.0.0,15063,768,rs2,15063.0.amd64fre.rs2_release.170317-1834,Home,1,0,,,108,RequireAdmin,1,1,Notebook,Windows.Desktop,2206,228576,2,1,649,,476940,HDD,453145,0,4096,Notebook,14,1366,768,Mobile,,0,10.0.15063.1155,amd64,rs2_release,15063,1155,CoreSingleLanguage,CORE_SINGLELANGUAGE,Upgrade,9,34,FullAuto,0,IS_GENUINE,Retail,,0,Retail,,554,33144,1,,0,0,0,0,0,10
0000ed949fd4a2377869ef4f6e7ba3ef,win8defender,1.1.15400.4,4.18.1809.2,1.279.102.0,0,7,0,,53447,1,1,1,86,106830,,277,75,windows10,x64,10.0.0.0,17134,256,rs4,17134.1.amd64fre.rs4_release.180410-1804,Education,1,0,,,137,,1,1,Desktop,Windows.Desktop,2835,313586,4,5,2407,,953869,HDD,203785,0,8192,Desktop,17,1280,1024,Desktop,,4294967295,10.0.17134.345,amd64,rs4_release,17134,345,Education,EDUCATION,IBSClean,8,31,FullAuto,0,INVALID_LICENSE,Retail,,0,Retail,,142,3850,0,,0,0,0,0,0,3
0000edd86fa35bc520a6f5cdd6be127e,win8defender,1.1.15400.4,4.18.1810.5,1.279.361.0,0,7,0,,4267,3,1,1,171,113341,,211,182,windows10,x64,10.0.0.0,16299,256,rs3,16299.431.amd64fre.rs3_release_svc_escrow.180502-1908,Pro,1,0,,0,117,RequireAdmin,1,1,Notebook,Windows.Desktop,530,257635,4,5,2459,,476940,HDD,99450,1,4096,Notebook,15.4,1280,800,Mobile,,4294967295,10.0.16299.547,amd64,rs3_release_svc_escrow,16299,547,Professional,PROFESSIONAL,Update,29,125,FullAuto,0,IS_GENUINE,Retail,,0,Retail,0,142,42052,0,0,0,0,0,0,0,3
0000ee327f805fcfbda3aa8c0349013b,win8defender,1.1.15400.4,4.13.17134.228,1.279.59.0,0,7,0,,53447,1,1,1,89,10146,27,120,262,windows10,x64,10.0.0.0,17134,768,rs4,17134.1.amd64fre.rs4_release.180410-1804,Home,1,0,,,137,,1,1,Notebook,Windows.Desktop,585,313536,8,5,2737,,953869,HDD,352720,0,4096,Notebook,13.9,1920,1080,Mobile,,0,10.0.17134.286,amd64,rs4_release,17134,286,CoreSingleLanguage,CORE_SINGLELANGUAGE,Other,8,31,FullAuto,0,IS_GENUINE,OEM:DM,,0,Retail,,556,63140,1,,0,0,0,1,1,1
0000ee6475e6687e7c53a0f6be300bee,win8defender,1.1.15300.6,4.18.1809.2,1.277.575.0,0,7,0,,53447,1,1,1,158,117594,18,202,70,windows10,x64,10.0.0.0,17134,768,rs4,17134.1.amd64fre.rs4_release.180410-1804,Home,1,0,,0,137,,1,1,Desktop,Windows.Desktop,4589,313586,4,5,3478,,953869,HDD,953318,0,8192,Desktop,21.5,1920,1080,Desktop,,4294967295,10.0.17134.320,amd64,rs4_release,17134,320,Core,CORE,IBSClean,8,31,FullAuto,0,IS_GENUINE,Retail,,0,Retail,,142,11136,0,,0,0,0,0,0,1
0000f0c3dc2e3ffe444df062f00d7adf,win8defender,1.1.15300.6,4.18.1809.2,1.277.176.0,0,7,0,,53447,1,1,1,93,146613,,119,64,windows10,x64,10.0.0.0,17134,768,rs4,17134.1.amd64fre.rs4_release.180410-1804,Home,1,0,,,137,,1,1,Desktop,Windows.Desktop,1980,317708,4,5,2494,,114473,SSD,113858,0,8192,Desktop,23,1920,1080,Desktop,,4294967295,10.0.17134.112,amd64,rs4_release,17134,112,Core,CORE,IBSClean,8,31,UNKNOWN,0,INVALID_LICENSE,Retail,,0,Retail,,142,33264,0,,0,0,0,0,0,8
0000f3021b22c7fd4b32274d96968787,win8defender,1.1.15400.4,4.18.1807.18075,1.279.244.0,0,0,0,,6630,3,1,1,173,5433,27,224,75,windows10,x64,10.0.0.0,16299,768,rs3,16299.15.amd64fre.rs3_release.170928-1534,Home,1,0,,,111,RequireAdmin,1,1,Notebook,Windows.Desktop,1443,256585,4,5,2329,,476940,HDD,210392,0,4096,Portable,15.5,1366,768,Mobile,,4294967295,10.0.16299.309,amd64,rs3_release,16299,309,CoreSingleLanguage,CORE_SINGLELANGUAGE,UUPUpgrade,8,31,FullAuto,0,IS_GENUINE,Retail,,0,Retail,0,355,19889,1,0,0,1,0,0,0,11
0000f3860346d5d8967ffeaecfa22d65,win8defender,1.1.15400.4,4.18.1810.5,1.279.1569.0,0,7,0,,43927,2,1,1,205,156954,,274,253,windows10,x64,10.0.0.0,17134,256,rs4,17134.1.amd64fre.rs4_release.180410-1804,Pro,1,0,,,137,RequireAdmin,1,1,Notebook,Windows.Desktop,1443,256740,4,5,2523,,953869,HDD,105000,0,8192,Portable,15.5,1366,768,Mobile,,0,10.0.17134.1,amd64,rs4_release,17134,1,Enterprise,ENTERPRISE,IBSClean,29,125,UNKNOWN,0,IS_GENUINE,Volume:GVLK,,0,Unknown,,355,19970,0,,0,0,0,0,,
0000f38dbba7564e7a7cb63522f88ddc,win8defender,1.1.15300.6,4.18.1809.2,1.277.1188.0,0,7,0,,53447,1,1,1,35,39167,27,45,83,windows10,x64,10.0.0.0,17134,768,rs4,17134.1.amd64fre.rs4_release.180410-1804,Home,1,0,,,137,,1,1,Desktop,Windows.Desktop,4589,313586,4,5,2426,,457862,SSD,457247,0,8192,Desktop,23.8,1920,1080,Desktop,,4294967295,10.0.17134.345,amd64,rs4_release,17134,345,Core,CORE,IBSClean,13,48,FullAuto,0,IS_GENUINE,OEM:NONSLP,,0,Retail,,142,3844,0,,0,0,0,0,0,4
0000f686b28e695811a3e8893bb9cc35,win8defender,1.1.15400.4,4.12.17007.17123,1.279.208.0,0,7,0,,53447,1,1,1,203,,18,255,46,windows10,x64,10.0.0.0,15063,768,rs2,15063.0.amd64fre.rs2_release.170317-1834,Home,1,0,,,107,,1,1,Detachable,Windows.Desktop,525,314086,4,5,1916,,59640,SSD,58562,0,2048,Detachable,10.1,800,1280,Slate,,4,10.0.15063.786,amd64,rs2_release,15063,786,Core,CORE,Reset,39,160,Notify,0,IS_GENUINE,OEM:DM,,0,Retail,,142,60606,1,,0,1,0,1,0,7
0000f6d4ae05b6fcf29cf8f1aa35902a,win8defender,1.1.15400.5,4.18.1810.5,1.279.1522.0,0,7,0,,47238,2,1,1,166,46055,27,277,75,windows10,x64,10.0.0.0,15063,768,rs2,15063.0.amd64fre.rs2_release.170317-1834,Home,1,0,,,108,,1,1,Notebook,Windows.Desktop,2102,251630,2,5,1998,,29820,SSD,28557,0,4096,Notebook,13.9,1366,768,Mobile,,0,10.0.15063.1387,amd64,rs2_release,15063,1387,Core,CORE,Reset,8,31,AutoInstallAndRebootAtMaintenanceTime,0,IS_GENUINE,OEM:DM,,0,Retail,,554,33105,1,,0,0,0,0,0,10
0000f6ed3212ae20a886b5f048f7c4f8,win8defender,1.1.15400.4,4.18.1806.18062,1.279.32.0,0,7,0,,53447,1,1,1,107,133822,27,138,134,windows10,x86,10.0.0.0,14393,768,rs1,14393.2189.x86fre.rs1_release.180329-1711,Home,1,0,,0,98,RequireAdmin,1,1,SmallTablet,Windows.Desktop,2668,51049,4,5,1857,,59640,SSD,58799,0,2048,HandHeld,8.3,1200,1920,Slate,,26,10.0.14393.2189,x86,rs1_release,14393,2189,Core,CORE,Reset,20,83,UNKNOWN,0,IS_GENUINE,Retail,,0,Retail,,628,38779,0,,0,1,0,1,0,1
0000fa70079e87fa2e86b71c8f080284,win8defender,1.1.15400.4,4.18.1810.5,1.279.351.0,0,7,0,,53447,1,1,1,21,137489,27,39,34,windows10,x64,10.0.0.0,17134,256,rs4,17134.1.amd64fre.rs4_release.180410-1804,Pro,1,0,,,137,ExistsNotSet,1,1,Notebook,Windows.Desktop,2206,228975,4,5,3394,,953869,HDD,101003,0,8192,Notebook,15.5,1366,768,Mobile,,0,10.0.17134.345,amd64,rs4_release,17134,345,Professional,PROFESSIONAL,UUPUpgrade,2,11,FullAuto,0,INVALID_LICENSE,Volume:GVLK,,0,Retail,,554,33155,0,,0,0,0,0,1,3
0000fae061a473c3ce173f5e545c36fe,win8defender,1.1.15400.4,4.18.1810.5,1.279.788.0,0,7,0,,53447,1,1,1,43,158900,27,53,42,windows10,x64,10.0.0.0,17134,256,rs4,17134.1.amd64fre.rs4_release.180410-1804,Pro,1,0,,,137,,1,1,Notebook,Windows.Desktop,2668,39730,4,5,2585,,114473,SSD,114471,0,8192,Notebook,12.5,1366,768,Mobile,,0,10.0.17134.285,amd64,rs4_release,17134,285,Professional,PROFESSIONAL,IBSClean,37,158,FullAuto,0,IS_GENUINE,Retail,,0,Retail,,628,38097,0,,0,1,0,0,0,7
0000fb3a225a0af3e6ae9c4702d65260,win8defender,1.1.14800.3,4.12.16299.15,1.267.615.0,0,7,0,,53447,1,1,1,88,20710,18,117,115,windows10,x64,10.0.0.0,16299,256,rs3,16299.15.amd64fre.rs3_release.170928-1534,Pro,1,0,,0,111,,1,1,Notebook,Windows.Desktop,1443,260819,2,5,2011,,305245,HDD,304694,0,4096,Laptop,13.9,1366,768,Mobile,,0,10.0.16299.248,amd64,rs3_release,16299,248,Professional,PROFESSIONAL,IBSClean,17,64,UNKNOWN,0,IS_GENUINE,Volume:GVLK,,0,Retail,,355,19982,0,,0,0,0,0,0,3
0000fd946e7b582864214c3f96fd029f,win8defender,1.1.15300.6,4.13.17134.1,1.277.1053.0,0,7,0,,53447,1,1,1,44,16668,27,57,218,windows10,x64,10.0.0.0,17134,768,rs4,17134.1.amd64fre.rs4_release.180410-1804,Home,1,0,,,137,,1,1,Notebook,Windows.Desktop,4142,120212,4,5,2283,,715404,HDD,357957,0,6144,Laptop,13.9,1366,768,Mobile,,289,10.0.17134.1,amd64,rs4_release,17134,1,CoreSingleLanguage,CORE_SINGLELANGUAGE,IBSClean,10,35,UNKNOWN,0,IS_GENUINE,Retail,,0,Retail,,807,51753,0,,0,0,0,0,0,10
000101bd97af8d8a286acf88b9dc9d0b,win8defender,1.1.14600.4,4.13.17134.1,1.263.48.0,0,7,0,,62773,1,1,1,73,666,,277,75,windows10,x64,10.0.0.0,17134,768,rs4,17134.1.amd64fre.rs4_release.180410-1804,Home,0,0,,,137,,1,1,Notebook,Windows.Desktop,1443,260890,4,5,2920,,953869,HDD,953318,0,8192,Laptop,14,1920,1080,Mobile,,0,10.0.17134.1,amd64,rs4_release,17134,1,Core,CORE,IBSClean,8,31,UNKNOWN,0,OFFLINE,Retail,,0,Retail,,355,19982,0,,0,0,0,0,0,11
000102a4406432373d2fd31ba1d0f5c2,win8defender,1.1.15400.5,4.18.1810.5,1.281.211.0,0,7,0,,53447,1,1,1,93,35423,48,119,64,windows10,x64,10.0.0.0,16299,768,rs3,16299.637.amd64fre.rs3_release_svc.180808-1748,Home,1,0,,,117,,1,1,Notebook,Windows.Desktop,2102,275364,12,5,3125,,244198,SSD,242935,0,16384,Notebook,15.5,1920,1080,Mobile,,0,10.0.16299.665,amd64,rs3_release,16299,665,Core,CORE,Reset,8,31,UNKNOWN,0,IS_GENUINE,OEM:DM,,0,Retail,,93,33026,1,,0,0,0,0,1,8
000103139f198c92f81a0b432921fad8,win8defender,1.1.15400.4,4.18.1810.5,1.279.383.0,0,7,0,,43927,2,1,1,27,130352,27,30,216,windows10,x64,10.0.0.0,17134,768,rs4,17134.1.amd64fre.rs4_release.180410-1804,Home,1,0,,,137,RequireAdmin,1,1,Notebook,Windows.Desktop,2102,242491,4,5,2393,,953869,HDD,469404,0,4096,Notebook,15.5,1366,768,Mobile,lion,0,10.0.17134.285,amd64,rs4_release,17134,285,Core,CORE,Update,8,31,FullAuto,0,IS_GENUINE,OEM:DM,0,0,Retail,0,554,33043,1,0,0,0,0,0,0,10
00010797324e80be8f0d0502ac996503,win8defender,1.1.15300.6,4.18.1807.18075,1.277.1162.0,0,7,0,,53447,1,1,1,214,61668,50,277,75,windows10,x64,10.0.0.0,17134,256,rs4,17134.1.amd64fre.rs4_release.180410-1804,Pro,1,0,,0,137,ExistsNotSet,1,1,Notebook,Windows.Desktop,2206,240912,4,5,2546,,122104,SSD,120764,0,4096,Notebook,13.9,1366,768,Mobile,,0,10.0.17134.165,amd64,rs4_release,17134,165,Professional,PROFESSIONAL,UUPUpgrade,8,31,FullAuto,0,IS_GENUINE,Retail,,0,Retail,,500,14716,0,,0,0,0,0,0,1
00010c7886ff8f10c8b0b1c703b861ff,win8defender,1.1.15400.4,4.18.1809.2,1.279.336.0,0,7,0,,53447,1,1,1,12,102629,27,15,58,windows10,x64,10.0.0.0,17134,768,rs4,17134.1.amd64fre.rs4_release.180410-1804,Home,1,0,,0,137,RequireAdmin,1,1,Convertible,Windows.Desktop,1443,256450,4,5,2660,,244198,SSD,231761,0,8192,Laptop,13.2,1920,1080,Mobile,lion,0,10.0.17134.286,amd64,rs4_release,17134,286,Core,CORE,UUPUpgrade,8,31,FullAuto,0,IS_GENUINE,OEM:DM,,0,Retail,0,355,7091,1,0,0,1,0,0,0,2
00010ea7dd1d0d9d30d018b0648b5d26,win8defender,1.1.15300.6,4.12.16299.15,1.277.160.0,0,7,0,,53447,1,1,1,141,95303,18,167,227,windows10,x64,10.0.0.0,16299,768,rs3,16299.431.amd64fre.rs3_release_svc_escrow.180502-1908,Home,1,0,,0,117,Off,1,1,Notebook,Windows.Desktop,2668,171473,4,5,2697,,953869,HDD,926992,0,12288,Notebook,15.5,1366,768,Mobile,,0,10.0.16299.666,amd64,rs3_release,16299,666,CoreSingleLanguage,CORE_SINGLELANGUAGE,Reset,9,34,AutoInstallAndRebootAtMaintenanceTime,0,IS_GENUINE,OEM:DM,,0,Retail,,628,12307,1,,0,0,0,0,0,10
000111f06d149ed0e518eb6be23d1fce,win8defender,1.1.15400.5,4.18.1810.5,1.281.777.0,0,7,0,,53447,1,1,1,159,77866,27,277,75,windows10,x64,10.0.0.0,16299,256,rs3,16299.15.amd64fre.rs3_release.170928-1534,Pro,1,0,,,111,,1,1,Convertible,Windows.Desktop,2150,332128,4,5,3146,,953869,HDD,953272,0,8192,Notebook,11.6,1366,768,Mobile,,0,10.0.16299.334,amd64,rs3_release,16299,334,ProfessionalEducation,PROFESSIONAL,Other,8,31,UNKNOWN,0,IS_GENUINE,Retail,,0,Retail,,633,7172,0,,0,1,0,0,0,11
0001127b5db309f66bfa3e70efd6eb97,win8defender,1.1.15300.6,4.18.1809.2,1.277.48.0,0,7,0,,53447,1,1,1,29,145614,27,35,171,windows10,x64,10.0.0.0,16299,768,rs3,16299.431.amd64fre.rs3_release_svc_escrow.180502-1908,Home,1,0,,,117,,1,1,Notebook,Windows.Desktop,2668,171498,4,5,2697,,953869,HDD,524647,0,8192,Notebook,15.5,1366,768,Mobile,,0,10.0.17134.286,amd64,rs4_release,17134,286,CoreSingleLanguage,CORE_SINGLELANGUAGE,UUPUpgrade,26,119,FullAuto,0,IS_GENUINE,OEM:DM,,0,Unknown,,628,12307,1,,0,0,0,0,0,10
000112bfcd857df2897dd680e93f588b,win8defender,1.1.15400.4,4.8.10240.17443,1.279.275.0,0,7,0,,22728,2,1,1,147,8100,,277,75,windows10,x64,10.0.0.0,10240,256,th1,10240.17443.amd64fre.th1.170602-2340,Enterprise,1,0,,0,53,ExistsNotSet,1,1,Desktop,Windows.Desktop,2102,230160,4,5,3478,,476940,HDD,476438,0,4096,Desktop,18.5,1366,768,Desktop,#,4294967295,10.0.10240.17443,amd64,th1_st1,10240,17443,Enterprise,ENTERPRISE,IBSClean,8,31,UNKNOWN,0,IS_GENUINE,Volume:GVLK,0,0,NOT_SET,0,93,2469,0,0,0,0,0,0,0,11
000117a4f88ba3b02e603b88d911e507,win8defender,1.1.15300.6,4.18.1809.2,1.277.96.0,0,7,0,,53447,1,1,1,41,34975,27,52,217,windows10,x64,10.0.0.0,17134,768,rs4,17134.1.amd64fre.rs4_release.180410-1804,Home,1,0,,,137,RequireAdmin,1,1,Notebook,Windows.Desktop,585,319253,2,5,3420,,476940,HDD,204234,0,4096,Notebook,11.6,1366,768,Mobile,,0,10.0.17134.285,amd64,rs4_release,17134,285,CoreSingleLanguage,CORE_SINGLELANGUAGE,Upgrade,9,34,FullAuto,0,IS_GENUINE,Retail,,0,Retail,,127,64725,1,,0,0,0,0,0,10
00011b5b0e319c95509fbc14a4b4aaed,win8defender,1.1.13303.0,4.10.14393.0,1.233.1442.0,0,7,0,1727,62773,1,1,1,95,,48,181,75,windows10,x86,10.0.0.0,14393,768,rs1,14393.447.x86fre.rs1_release_inmarket.161102-0100,Home,0,0,,,94,RequireAdmin,1,1,Notebook,Windows.Desktop,530,257573,2,5,3425,,476940,HDD,199450,0,2048,Laptop,14,1366,768,Mobile,,0,10.0.14393.447,x86,rs1_release,14393,447,Core,CORE,Reset,8,31,UNKNOWN,0,IS_GENUINE,Retail,,0,Retail,,142,41909,0,,0,0,0,0,0,11
00011b9ea6764d51538d0b6438d18a49,win8defender,1.1.14901.4,4.12.16299.15,1.269.277.0,0,7,0,,62773,1,1,1,68,46448,,276,74,windows10,x64,10.0.0.0,16299,768,rs3,16299.431.amd64fre.rs3_release_svc_escrow.180502-1908,Home,0,0,,0,117,,1,1,Notebook,Windows.Desktop,2668,171306,4,5,2393,,953869,HDD,953318,0,8192,Notebook,15.5,1366,768,Mobile,,0,10.0.16299.431,amd64,rs3_release_svc_escrow,16299,431,Core,CORE,Refresh,7,30,UNKNOWN,0,OFFLINE,OEM:DM,,0,Unknown,,628,4201,0,,0,0,0,0,1,12
00011c337c4df299f77d29558a093907,win8defender,1.1.15200.1,4.12.17007.18022,1.275.1115.0,0,7,0,,62773,1,1,1,41,145391,27,52,217,windows10,x64,10.0.0.0,16299,768,rs3,16299.15.amd64fre.rs3_release.170928-1534,Home,0,0,,0,111,RequireAdmin,1,1,AllInOne,Windows.Desktop,585,190181,4,5,3396,,953869,HDD,952886,0,4096,AllinOne,20,1600,900,Desktop,,4294967295,10.0.16299.248,amd64,rs3_release,16299,248,CoreSingleLanguage,CORE_SINGLELANGUAGE,UUPUpgrade,9,34,Notify,0,IS_GENUINE,OEM:DM,,0,Retail,0,142,56688,1,0,0,0,0,0,1,10
00011d21164e40d5184e7379ff3dc17f,win8defender,1.1.15300.6,4.9.10586.0,1.277.853.0,0,7,0,,53447,1,1,1,45,128739,4,63,219,windows10,x86,10.0.0.0,10586,256,th2,10586.306.x86fre.th2_release_sec.160422-1850,Pro,1,0,,,76,ExistsNotSet,1,1,Notebook,Windows.Desktop,2206,242064,2,5,1884,,152627,HDD,152044,0,1024,Notebook,10,1024,600,Mobile,lion,0,10.0.10586.318,x86,th2_release,10586,318,Professional,PROFESSIONAL,Update,9,34,FullAuto,0,IS_GENUINE,Retail,,0,Retail,0,500,10966,0,0,0,0,0,0,0,10
00011ff9a2ea9c3270cbdebfb1d067ad,win8defender,1.1.15400.5,4.18.1810.5,1.281.634.0,0,7,0,,7945,2,1,1,33,63186,27,23,75,windows10,x64,10.0.0.0,17134,768,rs4,17134.1.amd64fre.rs4_release.180410-1804,Home,1,0,,,137,,1,1,Notebook,Windows.Desktop,1443,256480,4,5,2382,,476940,HDD,99647,0,4096,Laptop,15.5,1366,768,Mobile,,0,10.0.17134.407,amd64,rs4_release,17134,407,Core,CORE,UUPUpgrade,29,125,FullAuto,0,IS_GENUINE,OEM:NONSLP,,0,Retail,,355,9358,0,,0,0,0,0,1,3
000122a17de5aeb3d978da8c9e76bcd6,win8defender,1.1.14405.2,4.13.17134.320,1.259.434.0,0,7,0,146,53447,1,1,1,135,47749,18,89,88,windows10,x64,10.0.0.0,17134,768,rs4,17134.1.amd64fre.rs4_release.180410-1804,Home,1,0,,,137,RequireAdmin,1,1,Desktop,Windows.Desktop,585,190110,2,1,640,,953869,UNKNOWN,465870,0,4096,Desktop,32,1920,1080,Workstation,,4294967295,10.0.17134.345,amd64,rs4_release,17134,345,Core,CORE,UUPUpgrade,14,49,FullAuto,0,IS_GENUINE,Retail,,0,Retail,0,93,51119,0,0,0,0,0,0,1,10
000125389a3eee5c1ffb43f69daa51e6,win8defender,1.1.15300.6,4.18.1809.2,1.277.118.0,0,7,0,,53447,1,1,1,150,16582,27,192,162,windows10,x64,10.0.0.0,17134,768,rs4,17134.1.amd64fre.rs4_release.180410-1804,Home,1,0,,,137,,1,1,Notebook,Windows.Desktop,585,190277,2,5,1998,,29824,SSD,29207,0,2048,Notebook,13.9,1366,768,Mobile,,0,10.0.17134.286,amd64,rs4_release,17134,286,Core,CORE,IBSClean,23,105,FullAuto,0,IS_GENUINE,OEM:DM,,0,Retail,,556,63317,1,,0,0,0,0,0,15
00012729252202d11d39d4d161209eaf,win8defender,1.1.15400.4,4.18.1809.2,1.279.295.0,0,7,0,,53447,1,1,1,160,159247,27,204,170,windows10,x64,10.0.0.0,17134,256,rs4,17134.1.amd64fre.rs4_release.180410-1804,Pro,1,0,,,137,,1,1,Desktop,Windows.Desktop,1980,317708,4,5,2692,,953869,HDD,150000,0,8192,Desktop,23.5,1920,1080,Desktop,,4294967295,10.0.17134.345,amd64,rs4_release,17134,345,Professional,PROFESSIONAL,Reset,25,115,FullAuto,0,IS_GENUINE,Retail,,0,Retail,,142,35043,0,,0,0,0,0,1,3
00012b259e4b6a966960c81176695475,win8defender,1.1.15400.5,4.9.10586.0,1.281.574.0,0,7,0,,53447,1,1,1,88,142834,,117,115,windows10,x64,10.0.0.0,10586,256,th2,10586.17.amd64fre.th2_release.151121-2308,Pro,1,0,,,76,RequireAdmin,1,1,Notebook,Windows.Desktop,4730,311127,2,1,640,,305245,HDD,304743,0,8192,Notebook,15.5,1366,768,Mobile,li-i,0,10.0.10586.29,amd64,th2_release,10586,29,Professional,PROFESSIONAL,IBSClean,17,64,UNKNOWN,0,INVALID_LICENSE,Retail,0,0,Retail,0,897,7371,0,0,0,0,0,0,0,3
